"";"ID_echantillon";"ID_Feuille";"Esp";"Masse_F_T0";"Masse_F_T24";"Masse_F_Tsec";"Longueur_F";"Largeur_F";"Surface_F";"LMC_t0";"LMC_t24";"LDMC";"SLA";"LT"
"1";"01_1";"01_1_1";"Mangifera_indica";0,241;0,193;0,129;NA;NA;8,53;86,82;49,61;535,27;6612,4;0,0809
"2";"01_1";"01_1_2";"Mangifera_indica";1,129;0,984;0,384;NA;NA;47,266;194,01;156,25;340,12;12308,85;0,0276
"3";"01_1";"01_1_3";"Mangifera_indica";0,48;0,409;0,153;NA;NA;20,773;213,73;167,32;318,75;13577,12;0,0235
"4";"01_1";"01_1_4";"Mangifera_indica";1,061;0,872;0,533;NA;NA;36,385;99,06;63,6;502,36;6826,45;0,0736
"5";"01_1";"01_1_5";"Mangifera_indica";0,187;0,154;0,061;NA;NA;8,314;206,56;152,46;326,2;13629,51;0,0239
"6";"01_2";"01_2_1";"Mangifera_indica";0,294;0,253;0,103;NA;NA;11,738;185,44;145,63;350,34;11396,12;0,0307
"7";"01_2";"01_2_2";"Mangifera_indica";0,626;0,561;0,233;NA;NA;24,353;168,67;140,77;372,2;10451,93;0,0356
"8";"01_2";"01_2_3";"Mangifera_indica";1,355;1,224;0,535;NA;NA;47,109;153,27;128,79;394,83;8805,42;0,0448
"9";"01_2";"01_2_4";"Mangifera_indica";0,835;0,736;0,311;NA;NA;32,459;168,49;136,66;372,46;10436,98;0,0357
"10";"01_2";"01_2_5";"Mangifera_indica";0,725;0,634;0,275;NA;NA;25,98;163,64;130,55;379,31;9447,27;0,0402
"11";"01_3";"01_3_1";"Mangifera_indica";1,132;0,974;0,478;NA;NA;45,447;136,82;103,77;422,26;9507,74;0,0444
"12";"01_3";"01_3_2";"Mangifera_indica";1,752;1,569;0,601;NA;NA;71,987;191,51;161,06;343,04;11977,87;0,0286
"13";"01_3";"01_3_3";"Mangifera_indica";1,205;1,127;0,439;NA;NA;55,244;174,49;156,72;364,32;12584,05;0,029
"14";"01_3";"01_3_4";"Mangifera_indica";1,252;1,085;0,444;NA;NA;51,222;181,98;144,37;354,63;11536,49;0,0307
"15";"01_3";"01_3_5";"Mangifera_indica";1,353;1,168;0,465;NA;NA;56,281;190,97;151,18;343,68;12103,44;0,0284
"16";"01_4";"01_4_1";"Mangifera_indica";0,445;0,4;0,17;NA;NA;20,173;161,76;135,29;382,02;11866,47;0,0322
"17";"01_4";"01_4_2";"Mangifera_indica";1,081;0,982;0,416;NA;NA;44,478;159,86;136,06;384,83;10691,83;0,036
"18";"01_4";"01_4_3";"Mangifera_indica";2,073;1,867;0,767;NA;NA;86,573;170,27;143,42;370;11287,22;0,0328
"19";"01_4";"01_4_4";"Mangifera_indica";1,734;1,573;0,632;NA;NA;76,02;174,37;148,89;364,48;12028,48;0,0303
"20";"01_4";"01_4_5";"Mangifera_indica";1,115;0,978;0,388;NA;NA;50,557;187,37;152,06;347,98;13030,15;0,0267
"21";"01_5";"01_5_1";"Mangifera_indica";2,556;1,963;1,102;NA;NA;110,847;131,94;78,13;431,14;10058,71;0,0429
"22";"01_5";"01_5_2";"Mangifera_indica";2,58;2,065;1,124;NA;NA;111,227;129,54;83,72;435,66;9895,64;0,044
"23";"01_5";"01_5_3";"Mangifera_indica";0,717;0,612;0,285;NA;NA;34,78;151,58;114,74;397,49;12203,51;0,0326
"24";"01_5";"01_5_4";"Mangifera_indica";1,172;1,025;0,474;NA;NA;54,827;147,26;116,24;404,44;11566,88;0,035
"25";"01_5";"01_5_5";"Mangifera_indica";1,67;1,508;0,712;NA;NA;74,295;134,55;111,8;426,35;10434,69;0,0409
"26";"01_6";"01_6_1";"Mangifera_indica";2,149;1,808;1,082;NA;NA;84,212;98,61;67,1;503,49;7782,99;0,0647
"27";"01_6";"01_6_2";"Mangifera_indica";2,038;1,805;1,019;NA;NA;76,164;100;77,13;500;7474,39;0,0669
"28";"01_6";"01_6_3";"Mangifera_indica";3,472;2,844;1,658;NA;NA;136,496;109,41;71,53;477,53;8232,57;0,058
"29";"01_6";"01_6_4";"Mangifera_indica";3,566;3,121;1,743;NA;NA;131,843;104,59;79,06;488,78;7564,14;0,0646
"30";"01_6";"01_6_5";"Mangifera_indica";1,72;1,539;0,864;NA;NA;64,879;99,07;78,12;502,33;7509,14;0,0669
"31";"02_1";"02_1_1";"Terminalia_catappa";14,226;10,932;3,915;NA;NA;574,329;263,37;179,23;275,2;14669,96;0,0188
"32";"02_1";"02_1_2";"Terminalia_catappa";11,732;8,719;3,719;NA;NA;459,303;215,46;134,44;317;12350,17;0,0257
"33";"02_1";"02_1_3";"Terminalia_catappa";4,97;3,21;1,463;NA;NA;218,818;239,71;119,41;294,37;14956,8;0,0197
"34";"02_1";"02_1_4";"Terminalia_catappa";6,801;4,995;2,111;NA;NA;297,862;222,17;136,62;310,4;14110;0,022
"35";"02_1";"02_1_5";"Terminalia_catappa";7,487;5,672;2,465;NA;NA;326,908;203,73;130,1;329,24;13261,99;0,0248
"36";"02_2";"02_2_1";"Terminalia_catappa";6,48;5,25;2,256;NA;NA;266,433;187,23;132,71;348,15;11809,97;0,0295
"37";"02_2";"02_2_2";"Terminalia_catappa";4,797;3,839;1,679;NA;NA;186,535;185,71;128,65;350,01;11109,89;0,0315
"38";"02_2";"02_2_3";"Terminalia_catappa";4,368;3,306;1,55;NA;NA;182,949;181,81;113,29;354,85;11803,16;0,0301
"39";"02_2";"02_2_4";"Terminalia_catappa";7,832;5,69;2,637;NA;NA;284,38;197;115,78;336,7;10784,22;0,0312
"40";"02_2";"02_2_5";"Terminalia_catappa";6;4,89;1,57;NA;NA;240,15;282,17;211,46;261,67;15296,18;0,0171
"41";"02_3";"02_3_1";"Terminalia_catappa";6,18;4,608;1,63;NA;NA;251,296;279,14;182,7;263,75;15416,93;0,0171
"42";"02_3";"02_3_2";"Terminalia_catappa";5,638;4,55;1,507;NA;NA;222,014;274,12;201,92;267,29;14732,18;0,0181
"43";"02_3";"02_3_3";"Terminalia_catappa";7,468;5,384;2,311;NA;NA;295,79;223,15;132,97;309,45;12799,22;0,0242
"44";"02_3";"02_3_4";"Terminalia_catappa";2,761;2,191;0,833;NA;NA;121,061;231,45;163,03;301,7;14533,13;0,0208
"45";"02_3";"02_3_5";"Terminalia_catappa";4,542;3,608;1,22;NA;NA;180,18;272,3;195,74;268,6;14768,85;0,0182
"46";"02_4";"02_4_1";"Terminalia_catappa";5,068;4,4;1,48;NA;NA;196,003;242,43;197,3;292,03;13243,45;0,0221
"47";"02_4";"02_4_2";"Terminalia_catappa";6,678;5,901;1,938;NA;NA;263,686;244,58;204,49;290,21;13606,09;0,0213
"48";"02_4";"02_4_3";"Terminalia_catappa";6,692;6,341;1,941;NA;NA;258,854;244,77;226,69;290,05;13336,12;0,0217
"49";"02_4";"02_4_4";"Terminalia_catappa";9,225;8,021;2,55;NA;NA;317,005;261,76;214,55;276,42;12431,57;0,0222
"50";"02_4";"02_4_5";"Terminalia_catappa";6,842;5,919;1,915;NA;NA;248,77;257,28;209,09;279,89;12990,6;0,0215
"51";"02_5";"02_5_1";"Terminalia_catappa";5,467;4,456;1,79;NA;NA;196,583;205,42;148,94;327,42;10982,29;0,0298
"52";"02_5";"02_5_2";"Terminalia_catappa";4,42;3,717;1,602;NA;NA;176,975;175,91;132,02;362,44;11047,13;0,0328
"53";"02_5";"02_5_3";"Terminalia_catappa";4,12;3,193;1,382;NA;NA;142,763;198,12;131,04;335,44;10330,17;0,0325
"54";"02_5";"02_5_4";"Terminalia_catappa";5,418;4,435;1,881;NA;NA;202,735;188,04;135,78;347,18;10778,04;0,0322
"55";"02_5";"02_5_5";"Terminalia_catappa";4,689;3,065;1,276;NA;NA;173,29;267,48;140,2;272,13;13580,72;0,02
"56";"02_6";"02_6_1";"Terminalia_catappa";7,45;5,701;2,535;NA;NA;264,661;193,89;124,89;340,27;10440,28;0,0326
"57";"02_6";"02_6_2";"Terminalia_catappa";7,234;6,425;2,176;NA;NA;215,001;232,44;195,27;300,8;9880,56;0,0304
"58";"02_6";"02_6_3";"Terminalia_catappa";3,978;3,483;1,249;NA;NA;133,588;218,49;178,86;313,98;10695,6;0,0294
"59";"02_6";"02_6_4";"Terminalia_catappa";10,552;5,949;3,591;NA;NA;370,162;193,85;65,66;340,31;10308,05;0,033
"60";"02_6";"02_6_5";"Terminalia_catappa";8,294;7,3;2,54;NA;NA;248,482;226,54;187,4;306,25;9782,76;0,0313
"61";"03_1";"03_1_1";"Alphitonia_neocaledonica";0,674;0,544;NA;NA;NA;20,437;NA;NA;NA;NA;NA
"62";"03_1";"03_1_2";"Alphitonia_neocaledonica";0,637;0,527;NA;NA;NA;19,278;NA;NA;NA;NA;NA
"63";"03_1";"03_1_3";"Alphitonia_neocaledonica";0,34;0,274;NA;NA;NA;10,827;NA;NA;NA;NA;NA
"64";"03_1";"03_1_4";"Alphitonia_neocaledonica";0,506;0,391;NA;NA;NA;15,55;NA;NA;NA;NA;NA
"65";"03_1";"03_1_5";"Alphitonia_neocaledonica";0,787;0,661;NA;NA;NA;22,549;NA;NA;NA;NA;NA
"66";"03_2";"03_2_1";"Alphitonia_neocaledonica";0,469;0,367;NA;NA;NA;10,48;NA;NA;NA;NA;NA
"67";"03_2";"03_2_2";"Alphitonia_neocaledonica";1,115;0,869;NA;NA;NA;25,731;NA;NA;NA;NA;NA
"68";"03_2";"03_2_3";"Alphitonia_neocaledonica";1,104;0,888;NA;NA;NA;25,181;NA;NA;NA;NA;NA
"69";"03_2";"03_2_4";"Alphitonia_neocaledonica";1,006;0,791;NA;NA;NA;22,225;NA;NA;NA;NA;NA
"70";"03_2";"03_2_5";"Alphitonia_neocaledonica";0,96;0,608;NA;NA;NA;20,659;NA;NA;NA;NA;NA
"71";"03_3";"03_3_1";"Alphitonia_neocaledonica";0,78;0,573;NA;NA;NA;18,793;NA;NA;NA;NA;NA
"72";"03_3";"03_3_2";"Alphitonia_neocaledonica";1,472;1,067;NA;NA;NA;33,615;NA;NA;NA;NA;NA
"73";"03_3";"03_3_3";"Alphitonia_neocaledonica";0,657;0,488;NA;NA;NA;15,41;NA;NA;NA;NA;NA
"74";"03_3";"03_3_4";"Alphitonia_neocaledonica";0,806;0,572;NA;NA;NA;18,163;NA;NA;NA;NA;NA
"75";"03_3";"03_3_5";"Alphitonia_neocaledonica";0,802;0,531;NA;NA;NA;18,328;NA;NA;NA;NA;NA
"76";"03_4";"03_4_1";"Alphitonia_neocaledonica";0,384;0,307;NA;NA;NA;13,741;NA;NA;NA;NA;NA
"77";"03_4";"03_4_2";"Alphitonia_neocaledonica";0,899;0,726;NA;NA;NA;29,52;NA;NA;NA;NA;NA
"78";"03_4";"03_4_3";"Alphitonia_neocaledonica";0,743;0,617;NA;NA;NA;24,288;NA;NA;NA;NA;NA
"79";"03_4";"03_4_4";"Alphitonia_neocaledonica";1,327;1,093;NA;NA;NA;49,993;NA;NA;NA;NA;NA
"80";"03_4";"03_4_5";"Alphitonia_neocaledonica";1,4;1,024;NA;NA;NA;41,211;NA;NA;NA;NA;NA
"81";"03_5";"03_5_1";"Alphitonia_neocaledonica";0,598;0,46;NA;NA;NA;10,664;NA;NA;NA;NA;NA
"82";"03_5";"03_5_2";"Alphitonia_neocaledonica";0,868;0,729;NA;NA;NA;16,663;NA;NA;NA;NA;NA
"83";"03_5";"03_5_3";"Alphitonia_neocaledonica";0,662;0,495;NA;NA;NA;12,949;NA;NA;NA;NA;NA
"84";"03_5";"03_5_4";"Alphitonia_neocaledonica";0,962;0,783;NA;NA;NA;17,703;NA;NA;NA;NA;NA
"85";"03_5";"03_5_5";"Alphitonia_neocaledonica";1,333;0,984;NA;NA;NA;24,086;NA;NA;NA;NA;NA
"86";"03_6";"03_6_1";"Alphitonia_neocaledonica";1,146;0,758;NA;NA;NA;20,646;NA;NA;NA;NA;NA
"87";"03_6";"03_6_2";"Alphitonia_neocaledonica";1,41;0,902;NA;NA;NA;26,31;NA;NA;NA;NA;NA
"88";"03_6";"03_6_3";"Alphitonia_neocaledonica";1,013;0,686;NA;NA;NA;17,94;NA;NA;NA;NA;NA
"89";"03_6";"03_6_4";"Alphitonia_neocaledonica";1,21;0,989;NA;NA;NA;21,866;NA;NA;NA;NA;NA
"90";"03_6";"03_6_5";"Alphitonia_neocaledonica";1,222;1,017;NA;NA;NA;21,676;NA;NA;NA;NA;NA
"91";"04_1";"04_1_1";"Grevillea rubiginosa";0,431;0,23;NA;NA;NA;10,298;NA;NA;NA;NA;NA
"92";"04_1";"04_1_2";"Grevillea_rubiginosa";0,599;0,358;NA;NA;NA;13,861;NA;NA;NA;NA;NA
"93";"04_1";"04_1_3";"Grevillea_rubiginosa";0,471;0,25;NA;NA;NA;10,844;NA;NA;NA;NA;NA
"94";"04_1";"04_1_4";"Grevillea_rubiginosa";0,456;0,241;NA;NA;NA;10,907;NA;NA;NA;NA;NA
"95";"04_1";"04_1_5";"Grevillea_rubiginosa";0,721;0,444;NA;NA;NA;15,476;NA;NA;NA;NA;NA
"96";"04_2";"04_2_1";"Grevillea_rubiginosa";0,476;0,289;NA;NA;NA;11,082;NA;NA;NA;NA;NA
"97";"04_2";"04_2_2";"Grevillea_rubiginosa";0,534;0,348;NA;NA;NA;11,47;NA;NA;NA;NA;NA
"98";"04_2";"04_2_3";"Grevillea_rubiginosa";0,547;0,355;NA;NA;NA;12,588;NA;NA;NA;NA;NA
"99";"04_2";"04_2_4";"Grevillea_rubiginosa";0,48;0,298;NA;NA;NA;9,742;NA;NA;NA;NA;NA
"100";"04_2";"04_2_5";"Grevillea_rubiginosa";0,421;0,271;NA;NA;NA;9,693;NA;NA;NA;NA;NA
"101";"04_3";"04_3_1";"Grevillea_rubiginosa";0,799;0,467;NA;NA;NA;16,715;NA;NA;NA;NA;NA
"102";"04_3";"04_3_2";"Grevillea_rubiginosa";0,719;0,406;NA;NA;NA;15,247;NA;NA;NA;NA;NA
"103";"04_3";"04_3_3";"Grevillea_rubiginosa";0,675;0,366;NA;NA;NA;14,486;NA;NA;NA;NA;NA
"104";"04_3";"04_3_4";"Grevillea_rubiginosa";0,828;0,483;NA;NA;NA;16,88;NA;NA;NA;NA;NA
"105";"04_3";"04_3_5";"Grevillea_rubiginosa";0,628;0,36;NA;NA;NA;13,956;NA;NA;NA;NA;NA
"106";"04_4";"04_4_1";"Grevillea_rubiginosa";0,934;0,493;NA;NA;NA;19;NA;NA;NA;NA;NA
"107";"04_4";"04_4_2";"Grevillea_rubiginosa";0,908;0,533;NA;NA;NA;17,288;NA;NA;NA;NA;NA
"108";"04_4";"04_4_3";"Grevillea_rubiginosa";0,622;0,321;NA;NA;NA;13,414;NA;NA;NA;NA;NA
"109";"04_4";"04_4_4";"Grevillea_rubiginosa";1,658;0,91;NA;NA;NA;31,722;NA;NA;NA;NA;NA
"110";"04_4";"04_4_5";"Grevillea_rubiginosa";1,588;0,828;NA;NA;NA;31,199;NA;NA;NA;NA;NA
"111";"04_5";"04_5_1";"Grevillea_rubiginosa";0,569;0,334;NA;NA;NA;14,627;NA;NA;NA;NA;NA
"112";"04_5";"04_5_2";"Grevillea_rubiginosa";0,82;0,508;NA;NA;NA;20,501;NA;NA;NA;NA;NA
"113";"04_5";"04_5_3";"Grevillea_rubiginosa";0,426;0,277;NA;NA;NA;10,848;NA;NA;NA;NA;NA
"114";"04_5";"04_5_4";"Grevillea_rubiginosa";0,412;0,24;NA;NA;NA;10,777;NA;NA;NA;NA;NA
"115";"04_5";"04_5_5";"Grevillea_rubiginosa";0,854;0,547;NA;NA;NA;21,149;NA;NA;NA;NA;NA
"116";"04_6";"04_6_1";"Grevillea_rubiginosa";0,819;0,508;NA;NA;NA;17,836;NA;NA;NA;NA;NA
"117";"04_6";"04_6_2";"Grevillea_rubiginosa";0,487;0,282;NA;NA;NA;11,443;NA;NA;NA;NA;NA
"118";"04_6";"04_6_3";"Grevillea_rubiginosa";1,109;0,669;NA;NA;NA;22,838;NA;NA;NA;NA;NA
"119";"04_6";"04_6_4";"Grevillea_rubiginosa";0,743;0,454;NA;NA;NA;16,755;NA;NA;NA;NA;NA
"120";"04_6";"04_6_5";"Grevillea_rubiginosa";0,642;0,39;NA;NA;NA;14,262;NA;NA;NA;NA;NA
"121";"05_1";"05_1_1";"Codia_spatulata";1,2;0,859;NA;NA;NA;22,205;NA;NA;NA;NA;NA
"122";"05_1";"05_1_2";"Codia_spatulata";0,651;0,455;NA;NA;NA;13,839;NA;NA;NA;NA;NA
"123";"05_1";"05_1_3";"Codia_spatulata";0,837;0,459;NA;NA;NA;16,666;NA;NA;NA;NA;NA
"124";"05_1";"05_1_4";"Codia_spatulata";1,055;0,79;NA;NA;NA;20,935;NA;NA;NA;NA;NA
"125";"05_1";"05_1_5";"Codia_spatulata";0,708;0,416;NA;NA;NA;15,945;NA;NA;NA;NA;NA
"126";"05_2";"05_2_1";"Codia_spatulata";0,66;0,58;NA;NA;NA;15,664;NA;NA;NA;NA;NA
"127";"05_2";"05_2_2";"Codia_spatulata";1,43;1,158;NA;NA;NA;31,171;NA;NA;NA;NA;NA
"128";"05_2";"05_2_3";"Codia_spatulata";1,668;1,415;NA;NA;NA;34,606;NA;NA;NA;NA;NA
"129";"05_2";"05_2_4";"Codia_spatulata";0,63;0,487;NA;NA;NA;15,202;NA;NA;NA;NA;NA
"130";"05_2";"05_2_5";"Codia_spatulata";1,412;1,195;NA;NA;NA;30,93;NA;NA;NA;NA;NA
"131";"05_3";"05_3_1";"Codia_spatulata";0,706;0,64;NA;NA;NA;16,666;NA;NA;NA;NA;NA
"132";"05_3";"05_3_2";"Codia_spatulata";1,111;1,003;NA;NA;NA;24,576;NA;NA;NA;NA;NA
"133";"05_3";"05_3_3";"Codia_spatulata";0,871;0,792;NA;NA;NA;21,737;NA;NA;NA;NA;NA
"134";"05_3";"05_3_4";"Codia_spatulata";0,675;0,584;NA;NA;NA;15,847;NA;NA;NA;NA;NA
"135";"05_3";"05_3_5";"Codia_spatulata";0,959;0,625;NA;NA;NA;19,354;NA;NA;NA;NA;NA
"136";"05_4";"05_4_1";"Codia_spatulata";0,54;0,383;NA;NA;NA;12,783;NA;NA;NA;NA;NA
"137";"05_4";"05_4_2";"Codia_spatulata";0,554;0,485;NA;NA;NA;13,112;NA;NA;NA;NA;NA
"138";"05_4";"05_4_3";"Codia_spatulata";0,644;0,563;NA;NA;NA;15,313;NA;NA;NA;NA;NA
"139";"05_4";"05_4_4";"Codia_spatulata";0,608;0,487;NA;NA;NA;13,771;NA;NA;NA;NA;NA
"140";"05_4";"05_4_5";"Codia_spatulata";0,852;0,713;NA;NA;NA;17,621;NA;NA;NA;NA;NA
"141";"05_5";"05_5_1";"Codia_spatulata";1,116;1,009;NA;NA;NA;22,752;NA;NA;NA;NA;NA
"142";"05_5";"05_5_2";"Codia_spatulata";0,488;0,441;NA;NA;NA;11,727;NA;NA;NA;NA;NA
"143";"05_5";"05_5_3";"Codia_spatulata";0,667;0,472;NA;NA;NA;13,545;NA;NA;NA;NA;NA
"144";"05_5";"05_5_4";"Codia_spatulata";0,519;0,458;NA;NA;NA;11,697;NA;NA;NA;NA;NA
"145";"05_5";"05_5_5";"Codia_spatulata";0,708;0,612;NA;NA;NA;15,187;NA;NA;NA;NA;NA
"146";"05_6";"05_6_1";"Codia_spatulata";0,55;0,483;NA;NA;NA;14,228;NA;NA;NA;NA;NA
"147";"05_6";"05_6_2";"Codia_spatulata";0,706;0,611;NA;NA;NA;17,739;NA;NA;NA;NA;NA
"148";"05_6";"05_6_3";"Codia_spatulata";0,749;0,663;NA;NA;NA;18,086;NA;NA;NA;NA;NA
"149";"05_6";"05_6_4";"Codia_spatulata";0,706;0,607;NA;NA;NA;16,062;NA;NA;NA;NA;NA
"150";"05_6";"05_6_5";"Codia_spatulata";0,9;0,605;NA;NA;NA;18,553;NA;NA;NA;NA;NA
"151";"06_1";"06_1_1";"Geissois_pruinosa";1,812;1,465;NA;NA;NA;36,356;NA;NA;NA;NA;NA
"152";"06_1";"06_1_2";"Geissois_pruinosa";1,529;1,174;NA;NA;NA;28,951;NA;NA;NA;NA;NA
"153";"06_1";"06_1_3";"Geissois_pruinosa";2,581;1,908;NA;NA;NA;44,797;NA;NA;NA;NA;NA
"154";"06_1";"06_1_4";"Geissois_pruinosa";1,56;1,309;NA;NA;NA;29,442;NA;NA;NA;NA;NA
"155";"06_1";"06_1_5";"Geissois_pruinosa";2,089;1,672;NA;NA;NA;41,75;NA;NA;NA;NA;NA
"156";"06_2";"06_2_1";"Geissois_pruinosa";0,81;0,671;NA;NA;NA;22,186;NA;NA;NA;NA;NA
"157";"06_2";"06_2_2";"Geissois_pruinosa";1,041;0,888;NA;NA;NA;28,437;NA;NA;NA;NA;NA
"158";"06_2";"06_2_3";"Geissois_pruinosa";0,801;0,682;NA;NA;NA;22,291;NA;NA;NA;NA;NA
"159";"06_2";"06_2_4";"Geissois_pruinosa";1,043;0,784;NA;NA;NA;27,316;NA;NA;NA;NA;NA
"160";"06_2";"06_2_5";"Geissois_pruinosa";1,085;0,87;NA;NA;NA;28,399;NA;NA;NA;NA;NA
"161";"06_3";"06_3_1";"Geissois_pruinosa";1,642;1,456;NA;NA;NA;42,42;NA;NA;NA;NA;NA
"162";"06_3";"06_3_2";"Geissois_pruinosa";2,403;1,743;NA;NA;NA;55,056;NA;NA;NA;NA;NA
"163";"06_3";"06_3_3";"Geissois_pruinosa";1,948;1,553;NA;NA;NA;47,03;NA;NA;NA;NA;NA
"164";"06_3";"06_3_4";"Geissois_pruinosa";2,009;1,752;NA;NA;NA;49,897;NA;NA;NA;NA;NA
"165";"06_3";"06_3_5";"Geissois_pruinosa";1,726;1,479;NA;NA;NA;43,169;NA;NA;NA;NA;NA
"166";"06_4";"06_4_1";"Geissois_pruinosa";1,505;0,921;NA;NA;NA;32,419;NA;NA;NA;NA;NA
"167";"06_4";"06_4_2";"Geissois_pruinosa";1,665;1,16;NA;NA;NA;38,106;NA;NA;NA;NA;NA
"168";"06_4";"06_4_3";"Geissois_pruinosa";1,804;1,185;NA;NA;NA;39,746;NA;NA;NA;NA;NA
"169";"06_4";"06_4_4";"Geissois_pruinosa";1,834;1,224;NA;NA;NA;40,73;NA;NA;NA;NA;NA
"170";"06_4";"06_4_5";"Geissois_pruinosa";1,415;0,99;NA;NA;NA;30,908;NA;NA;NA;NA;NA
"171";"06_5";"06_5_1";"Geissois_pruinosa";1,488;1,083;NA;NA;NA;32,602;NA;NA;NA;NA;NA
"172";"06_5";"06_5_2";"Geissois_pruinosa";1,296;0,939;NA;NA;NA;27,897;NA;NA;NA;NA;NA
"173";"06_5";"06_5_3";"Geissois_pruinosa";1,307;1,009;NA;NA;NA;28,031;NA;NA;NA;NA;NA
"174";"06_5";"06_5_4";"Geissois_pruinosa";1,229;0,97;NA;NA;NA;27,494;NA;NA;NA;NA;NA
"175";"06_5";"06_5_5";"Geissois_pruinosa";1,074;0,831;NA;NA;NA;24,386;NA;NA;NA;NA;NA
"176";"06_6";"06_6_1";"Geissois_pruinosa";1,757;1,447;NA;NA;NA;39,886;NA;NA;NA;NA;NA
"177";"06_6";"06_6_2";"Geissois_pruinosa";1,542;1,308;NA;NA;NA;30,826;NA;NA;NA;NA;NA
"178";"06_6";"06_6_3";"Geissois_pruinosa";2,358;1,933;NA;NA;NA;50,583;NA;NA;NA;NA;NA
"179";"06_6";"06_6_4";"Geissois_pruinosa";1,521;1,124;NA;NA;NA;33,476;NA;NA;NA;NA;NA
"180";"06_6";"06_6_5";"Geissois_pruinosa";1,758;1,503;NA;NA;NA;38,598;NA;NA;NA;NA;NA
"181";"07_1";"07_1_1";"Araucaria_columnaris";1,321;1,283;NA;NA;NA;19,86240539;NA;NA;NA;NA;NA
"182";"07_1";"07_1_2";"Araucaria_columnaris";1,484;1,376;NA;NA;NA;24,57605101;NA;NA;NA;NA;NA
"183";"07_1";"07_1_3";"Araucaria_columnaris";1,43;1,408;NA;NA;NA;23,29192501;NA;NA;NA;NA;NA
"184";"07_1";"07_1_4";"Araucaria_columnaris";2,151;2,065;NA;NA;NA;309,2175401;NA;NA;NA;NA;NA
"185";"07_1";"07_1_5";"Araucaria_columnaris";1,168;1,124;NA;NA;NA;20,12425714;NA;NA;NA;NA;NA
"186";"07_2";"07_2_1";"Araucaria_columnaris";2,933;2,774;NA;NA;NA;41,02378081;NA;NA;NA;NA;NA
"187";"07_2";"07_2_2";"Araucaria_columnaris";2,5;2,371;NA;NA;NA;37,31952891;NA;NA;NA;NA;NA
"188";"07_2";"07_2_3";"Araucaria_columnaris";2,252;2,137;NA;NA;NA;34,57699706;NA;NA;NA;NA;NA
"189";"07_2";"07_2_4";"Araucaria_columnaris";2,496;2,354;NA;NA;NA;35,94767394;NA;NA;NA;NA;NA
"190";"07_2";"07_2_5";"Araucaria_columnaris";2,292;2,139;NA;NA;NA;36,93444819;NA;NA;NA;NA;NA
"191";"07_3";"07_3_1";"Araucaria_columnaris";2,058;1,994;NA;NA;NA;30,64584364;NA;NA;NA;NA;NA
"192";"07_3";"07_3_2";"Araucaria_columnaris";2,439;2,344;NA;NA;NA;36,89800572;NA;NA;NA;NA;NA
"193";"07_3";"07_3_3";"Araucaria_columnaris";1,903;1,842;NA;NA;NA;33,29224275;NA;NA;NA;NA;NA
"194";"07_3";"07_3_4";"Araucaria_columnaris";2,507;2,43;NA;NA;NA;38,20192375;NA;NA;NA;NA;NA
"195";"07_3";"07_3_5";"Araucaria_columnaris";2,19;2,094;NA;NA;NA;36,65963737;NA;NA;NA;NA;NA
"196";"07_4";"07_4_1";"Araucaria_columnaris";1,927;1,803;NA;NA;NA;41,11959938;NA;NA;NA;NA;NA
"197";"07_4";"07_4_2";"Araucaria_columnaris";2,591;2,427;NA;NA;NA;49,30666838;NA;NA;NA;NA;NA
"198";"07_4";"07_4_3";"Araucaria_columnaris";1,893;1,772;NA;NA;NA;41,34893565;NA;NA;NA;NA;NA
"199";"07_4";"07_4_4";"Araucaria_columnaris";1,684;1,559;NA;NA;NA;36,80705661;NA;NA;NA;NA;NA
"200";"07_4";"07_4_5";"Araucaria_columnaris";1,99;1,876;NA;NA;NA;37,92884081;NA;NA;NA;NA;NA
"201";"07_5";"07_5_1";"Araucaria_columnaris";1,717;1,673;NA;NA;NA;28,90500861;NA;NA;NA;NA;NA
"202";"07_5";"07_5_2";"Araucaria_columnaris";1,571;1,533;NA;NA;NA;26,50326102;NA;NA;NA;NA;NA
"203";"07_5";"07_5_3";"Araucaria_columnaris";1,058;1,03;NA;NA;NA;22,04612645;NA;NA;NA;NA;NA
"204";"07_5";"07_5_4";"Araucaria_columnaris";1,109;1,075;NA;NA;NA;20,8256177;NA;NA;NA;NA;NA
"205";"07_5";"07_5_5";"Araucaria_columnaris";1,028;0,996;NA;NA;NA;20,23861111;NA;NA;NA;NA;NA
"206";"07_6";"07_6_1";"Araucaria_columnaris";3,167;3,079;NA;NA;NA;38,81806861;NA;NA;NA;NA;NA
"207";"07_6";"07_6_2";"Araucaria_columnaris";3,735;3,655;NA;NA;NA;48,14294392;NA;NA;NA;NA;NA
"208";"07_6";"07_6_3";"Araucaria_columnaris";2,578;2,502;NA;NA;NA;36,95926677;NA;NA;NA;NA;NA
"209";"07_6";"07_6_4";"Araucaria_columnaris";2,751;2,687;NA;NA;NA;38,68792813;NA;NA;NA;NA;NA
"210";"07_6";"07_6_5";"Araucaria_columnaris";3,351;3,264;NA;NA;NA;47,67052693;NA;NA;NA;NA;NA
"211";"08_1";"08_1_1";"Casuarina_collina";0,11;0,075;NA;NA;NA;18,59822851;NA;NA;NA;NA;NA
"212";"08_1";"08_1_2";"Casuarina_collina";0,119;0,073;NA;NA;NA;4,849833659;NA;NA;NA;NA;NA
"213";"08_1";"08_1_3";"Casuarina_collina";0,081;0,055;NA;NA;NA;3,894632413;NA;NA;NA;NA;NA
"214";"08_1";"08_1_4";"Casuarina_collina";0,128;0,078;NA;NA;NA;5,013039397;NA;NA;NA;NA;NA
"215";"08_1";"08_1_5";"Casuarina_collina";0,056;0,035;NA;NA;NA;3,146619202;NA;NA;NA;NA;NA
"216";"08_2";"08_2_1";"Casuarina_collina";0,134;0,076;NA;NA;NA;5,82451278;NA;NA;NA;NA;NA
"217";"08_2";"08_2_2";"Casuarina_collina";0,182;0,098;NA;NA;NA;7,596371036;NA;NA;NA;NA;NA
"218";"08_2";"08_2_3";"Casuarina_collina";0,129;0,072;NA;NA;NA;5,575698642;NA;NA;NA;NA;NA
"219";"08_2";"08_2_4";"Casuarina_collina";0,139;0,081;NA;NA;NA;6,042932009;NA;NA;NA;NA;NA
"220";"08_2";"08_2_5";"Casuarina_collina";0,105;0,06;NA;NA;NA;4,569132355;NA;NA;NA;NA;NA
"221";"08_3";"08_3_1";"Casuarina_collina";0,124;0,071;NA;NA;NA;4,958611305;NA;NA;NA;NA;NA
"222";"08_3";"08_3_2";"Casuarina_collina";0,115;0,065;NA;NA;NA;4,260942116;NA;NA;NA;NA;NA
"223";"08_3";"08_3_3";"Casuarina_collina";0,131;0,073;NA;NA;NA;4,711210883;NA;NA;NA;NA;NA
"224";"08_3";"08_3_4";"Casuarina_collina";0,128;0,072;NA;NA;NA;5,290599108;NA;NA;NA;NA;NA
"225";"08_3";"08_3_5";"Casuarina_collina";0,138;0,08;NA;NA;NA;5,623765009;NA;NA;NA;NA;NA
