"ID_echantillon";"Nom_scientifique";"Genre";"Espece";"ID_espece";"Milieu_recolte";"T_ambiante";"Vent";"Humidite";"DI";"DI_test";"score_DI";"BT";"BT_test";"MT";"BB";"BB_test";"FI";"Nb_ramifications";"BD";"TMC_t0";"TMC_t24";"TDMC";"TD";"TDIA";"Gmin";"LMC_t0";"LMC_t24";"PEF";"LDMC";"Surface_F";"SLA";"LT";"VPD"
"01_1";"Mangifera indica";"Mangifera";"indica";1;"I";0;0;0;0;0;0;0;0;0;0;0;0;0;NA;0;0;0;0;0;0;61,81;56,39;2,78;105,25;17,25;3574,27;28,79;0
"01_2";"Mangifera indica";"Mangifera";"indica";1;"I";0;0;0;0;0;0;0;0;0;0;0;0;0;NA;0;0;0;0;0;0;11,45;7,01;1,65;15,74;12,91;1002,38;5,29;0
"01_3";"Mangifera indica";"Mangifera";"indica";1;"I";0;0;0;0;0;0;0;0;0;0;0;0;0;NA;0;0;0;0;0;0;22,55;23,03;3,18;32,87;9,91;1371,79;7,08;0
"01_4";"Mangifera indica";"Mangifera";"indica";1;"I";0;0;0;0;0;0;0;0;0;0;0;0;0;NA;0;0;0;0;0;0;11,06;7,49;1,26;14,83;26,36;877,27;3,42;0
"01_5";"Mangifera indica";"Mangifera";"indica";1;"I";0;0;0;0;0;0;0;0;0;0;0;0;0;NA;0;0;0;0;0;0;9,4;18,43;5,8;16,22;33,91;1006,69;4,94;0
"01_6";"Mangifera indica";"Mangifera";"indica";1;"I";0;0;0;0;0;0;0;0;0;0;0;0;0;NA;0;0;0;0;0;0;4,61;5,11;3,19;11,1;33,12;314,45;3,65;0
"02_1";"Terminalia catappa";"Terminalia";"catappa";2;"I";0;0;0;0;0;0;0;0;0;0;0;0;0;NA;0;0;0;0;0;0;23,26;22,93;4,88;20,99;140,97;1067,5;3,05;0
"02_2";"Terminalia catappa";"Terminalia";"catappa";2;"I";0;0;0;0;0;0;0;0;0;0;0;0;0;NA;0;0;0;0;0;0;43,36;41,29;3,85;40,11;46,01;1822,18;6,2;0
"02_3";"Terminalia catappa";"Terminalia";"catappa";2;"I";0;0;0;0;0;0;0;0;0;0;0;0;0;NA;0;0;0;0;0;0;26,51;28,43;3,84;21,62;66,94;980,85;2,86;0
"02_4";"Terminalia catappa";"Terminalia";"catappa";2;"I";0;0;0;0;0;0;0;0;0;0;0;0;0;NA;0;0;0;0;0;0;7,45;10,86;3,47;6,07;43,12;501,27;0,55;0
"02_5";"Terminalia catappa";"Terminalia";"catappa";2;"I";0;0;0;0;0;0;0;0;0;0;0;0;0;NA;0;0;0;0;0;0;35,59;7,29;7,49;34,38;23,56;1281,6;5,4;0
"02_6";"Terminalia catappa";"Terminalia";"catappa";2;"I";0;0;0;0;0;0;0;0;0;0;0;0;0;NA;0;0;0;0;0;0;17,97;54,83;13,92;18,57;85,68;383,69;1,48;0
"03_1";"Alphitonia neocaledonica";"Alphitonia";"neocaledonica";3;"M";0;0;0;0;0;0;0;0;0;0;0;0;0;0;0;0;0;0;0;0;2,9;4,5;2,55;7,18;4,62;246,46;3,92;0
"03_2";"Alphitonia neocaledonica";"Alphitonia";"neocaledonica";3;"M";0;0;0;0;0;0;0;0;0;0;0;0;0;0;0;0;0;0;0;0;10,86;21,1;6,99;28,65;6,17;352,12;16,3;0
"03_3";"Alphitonia neocaledonica";"Alphitonia";"neocaledonica";3;"M";0;0;0;0;0;0;0;0;0;0;0;0;0;0;0;0;0;0;0;0;8,02;6,46;3,19;22,78;7,25;243,91;11,39;0
"03_4";"Alphitonia neocaledonica";"Alphitonia";"neocaledonica";3;"M";0;0;0;0;0;0;0;0;0;0;0;0;0;0;0;0;0;0;0;0;16,36;20,22;3,95;40,67;14,21;1142,58;19,15;0
"03_5";"Alphitonia neocaledonica";"Alphitonia";"neocaledonica";3;"M";0;0;0;0;0;0;0;0;0;0;0;0;0;0;0;0;0;0;0;0;11,05;16,43;4,37;31,59;5,14;246,79;19,39;0
"03_6";"Alphitonia neocaledonica";"Alphitonia";"neocaledonica";3;"M";0;0;0;0;0;0;0;0;0;0;0;0;0;0;0;0;0;0;0;0;11,71;25,4;9,17;34,56;3,02;201,8;20,47;0
"04_1";"Grevillea rubiginosa";"Grevillea";"rubiginosa";4;"M";0;0;0;0;0;0;0;0;0;0;0;0;0;0;0;0;0;0;0;0;10,83;6,89;4,2;23,05;2,27;442,05;13,3;0
"04_2";"Grevillea rubiginosa";"Grevillea";"rubiginosa";4;"M";0;0;0;0;0;0;0;0;0;0;0;0;0;0;0;0;0;0;0;0;7,22;7,44;2,07;20,32;1,23;378,39;16,84;0
"04_3";"Grevillea rubiginosa";"Grevillea";"rubiginosa";4;"M";0;0;0;0;0;0;0;0;0;0;0;0;0;0;0;0;0;0;0;0;7,78;2,07;1,73;20,22;1,31;216,24;10,72;0
"04_4";"Grevillea rubiginosa";"Grevillea";"rubiginosa";4;"M";0;0;0;0;0;0;0;0;0;0;0;0;0;0;0;0;0;0;0;0;3,22;4,66;2,9;7,13;8,41;265,82;7,98;0
"04_5";"Grevillea rubiginosa";"Grevillea";"rubiginosa";4;"M";0;0;0;0;0;0;0;0;0;0;0;0;0;0;0;0;0;0;0;0;2,49;5,39;3,06;6,73;5,04;160,07;4,73;0
"04_6";"Grevillea rubiginosa";"Grevillea";"rubiginosa";4;"M";0;0;0;0;0;0;0;0;0;0;0;0;0;0;0;0;0;0;0;0;12,46;8,89;1,54;32,5;4,26;356,43;16,49;0
"05_1";"Codia spatulata";"Codia";"spatulata";5;"M";0;0;0;0;0;0;0;0;0;0;0;0;0;0;0;0;0;0;0;0;6,12;21,4;8,69;13,09;3,52;401,02;10,86;0
"05_2";"Codia spatulata";"Codia";"spatulata";5;"M";0;0;0;0;0;0;0;0;0;0;0;0;0;0;0;0;0;0;0;0;3,54;6,26;4,07;7,74;9,32;308,89;6,45;0
"05_3";"Codia spatulata";"Codia";"spatulata";5;"M";0;0;0;0;0;0;0;0;0;0;0;0;0;0;0;0;0;0;0;0;9,05;29,05;11,07;22,48;3,61;556,62;18,86;0
"05_4";"Codia spatulata";"Codia";"spatulata";5;"M";0;0;0;0;0;0;0;0;0;0;0;0;0;0;0;0;0;0;0;0;5,19;15,26;6,22;11,54;1,99;252,67;6,27;0
"05_5";"Codia spatulata";"Codia";"spatulata";5;"M";0;0;0;0;0;0;0;0;0;0;0;0;0;0;0;0;0;0;0;0;6,84;22,25;8,26;16,65;4,58;424,46;13,59;0
"05_6";"Codia spatulata";"Codia";"spatulata";5;"M";0;0;0;0;0;0;0;0;0;0;0;0;0;0;0;0;0;0;0;0;13,23;26,75;8,64;30,19;1,79;662,02;20,65;0
"06_1";"Geissois pruinosa";"Geissois";"pruinosa";6;"M";0;0;0;0;0;0;0;0;0;0;0;0;0;0;0;0;0;0;0;0;18,79;21,36;3,85;30,4;7,12;495,48;14,11;0
"06_2";"Geissois pruinosa";"Geissois";"pruinosa";6;"M";0;0;0;0;0;0;0;0;0;0;0;0;0;0;0;0;0;0;0;0;2,02;12,21;4,21;2,55;3,22;213,5;1,43;0
"06_3";"Geissois pruinosa";"Geissois";"pruinosa";6;"M";0;0;0;0;0;0;0;0;0;0;0;0;0;0;0;0;0;0;0;0;24,88;35,11;6,51;42,15;6,33;768,34;15,82;0
"06_4";"Geissois pruinosa";"Geissois";"pruinosa";6;"M";0;0;0;0;0;0;0;0;0;0;0;0;0;0;0;0;0;0;0;0;3,35;9,73;3,56;5,98;4,44;157,63;3,21;0
"06_5";"Geissois pruinosa";"Geissois";"pruinosa";6;"M";0;0;0;0;0;0;0;0;0;0;0;0;0;0;0;0;0;0;0;0;3,67;8,8;2,94;7,27;2,94;197,28;4,96;0
"06_6";"Geissois pruinosa";"Geissois";"pruinosa";6;"M";0;0;0;0;0;0;0;0;0;0;0;0;0;0;0;0;0;0;0;0;23,74;9,85;4,62;26,66;7,61;728,35;10,72;0
"07_1";"Araucaria columnaris";"Araucaria";"columnaris";7;"";0;0;0;0;0;0;0;0;0;0;0;0;0;0;0;0;0;0;0;0;5,71;4,41;2,12;13,4;128,48;11669,68;57,88;0
"07_2";"Araucaria columnaris";"Araucaria";"columnaris";7;"";0;0;0;0;0;0;0;0;0;0;0;0;0;0;0;0;0;0;0;0;7,42;7,71;0,64;16,13;2,41;186,39;12,16;0
"07_3";"Araucaria columnaris";"Araucaria";"columnaris";7;"";0;0;0;0;0;0;0;0;0;0;0;0;0;0;0;0;0;0;0;0;3,81;3,99;0,58;8,16;3,1;259,37;10,57;0
"07_4";"Araucaria columnaris";"Araucaria";"columnaris";7;"";0;0;0;0;0;0;0;0;0;0;0;0;0;0;0;0;0;0;0;0;3,2;3,02;0,39;5,62;4,89;356,79;6,75;0
"07_5";"Araucaria columnaris";"Araucaria";"columnaris";7;"";0;0;0;0;0;0;0;0;0;0;0;0;0;0;0;0;0;0;0;0;4,54;3,97;0,31;10,45;3,81;402,16;14,91;0
"07_6";"Araucaria columnaris";"Araucaria";"columnaris";7;"";0;0;0;0;0;0;0;0;0;0;0;0;0;0;0;0;0;0;0;0;32,93;31,9;0,35;101,84;5,39;413,48;78,91;0
"08_1";"Casuarina collina";"Casuarina";"collina";8;"";0;0;0;0;0;0;0;0;0;0;0;0;0;0;0;0;0;0;0;0;20,41;14,31;4,74;45,67;6,47;10741,25;19,41;0
"08_2";"Casuarina collina";"Casuarina";"collina";8;"";0;0;0;0;0;0;0;0;0;0;0;0;0;0;0;0;0;0;0;0;3,77;4,66;1,66;8,25;1,09;288,66;2,48;0
"08_3";"Casuarina collina";"Casuarina";"collina";8;"";0;0;0;0;0;0;0;0;0;0;0;0;0;0;0;0;0;0;0;0;2,75;0,93;0,88;7,12;0,52;450,38;3,86;0
"08_4";"Casuarina collina";"Casuarina";"collina";8;"";0;0;0;0;0;0;0;0;0;0;0;0;0;0;0;0;0;0;0;0;27,55;14,55;10,82;57,57;0,43;6943,83;9,92;0
"08_5";"Casuarina collina";"Casuarina";"collina";8;"";0;0;0;0;0;0;0;0;0;0;0;0;0;0;0;0;0;0;0;0;11,83;13,83;6,75;25,38;0,86;1017,82;4,96;0
"08_6";"Casuarina collina";"Casuarina";"collina";8;"";0;0;0;0;0;0;0;0;0;0;0;0;0;0;0;0;0;0;0;0;33,17;19,52;5,67;66,5;0,16;2213,29;10,14;0
"09_1";"Arillastrum gummiferum";"Arillastrum";"gummiferum";9;"M";0;0;0;0;0;0;0;0;0;0;0;0;0;0;0;0;0;0;0;0;4,92;7,99;3,33;11,24;15,01;138,61;2,99;0
"09_2";"Arillastrum gummiferum";"Arillastrum";"gummiferum";9;"M";0;0;0;0;0;0;0;0;0;0;0;0;0;0;0;0;0;0;0;0;5,63;10,17;3,2;15,84;17,5;380,68;13,05;0
"09_3";"Arillastrum gummiferum";"Arillastrum";"gummiferum";9;"M";0;0;0;0;0;0;0;0;0;0;0;0;0;0;0;0;0;0;0;0;2,81;3,04;0,33;5,29;8,25;154,67;2,32;0
"09_4";"Arillastrum gummiferum";"Arillastrum";"gummiferum";9;"M";0;0;0;0;0;0;0;0;0;0;0;0;0;0;0;0;0;0;0;0;5,88;7,33;3,71;10,82;11,55;236,9;4,72;0
"09_5";"Arillastrum gummiferum";"Arillastrum";"gummiferum";9;"M";0;0;0;0;0;0;0;0;0;0;0;0;0;0;0;0;0;0;0;0;2,55;5,34;1,77;4,48;11,79;336,03;4,24;0
"09_6";"Arillastrum gummiferum";"Arillastrum";"gummiferum";9;"M";0;0;0;0;0;0;0;0;0;0;0;0;0;0;0;0;0;0;0;0;16,73;8,6;4,13;25,82;18,39;3017,09;40,65;0
"10_1";"Hibbertia lucens";"Hibbertia";"lucens";10;"M";0;0;0;0;0;0;0;0;0;0;0;0;0;0;0;0;0;0;0;0;47,3;76,43;15,83;60,93;3,86;1287,63;21,81;0
"10_2";"Hibbertia lucens";"Hibbertia";"lucens";10;"M";0;0;0;0;0;0;0;0;0;0;0;0;0;0;0;0;0;0;0;0;40,14;41,99;7,6;50,85;0,84;789,05;13,08;0
"10_3";"Hibbertia lucens";"Hibbertia";"lucens";10;"M";0;0;0;0;0;0;0;0;0;0;0;0;0;0;0;0;0;0;0;0;22,84;44,87;10,14;20,71;0,19;619,87;6,09;0
"10_4";"Hibbertia lucens";"Hibbertia";"lucens";10;"M";0;0;0;0;0;0;0;0;0;0;0;0;0;0;0;0;0;0;0;0;39,22;17,97;1,49;40,27;1,3;1131,02;12,49;0
"10_5";"Hibbertia lucens";"Hibbertia";"lucens";10;"M";0;0;0;0;0;0;0;0;0;0;0;0;0;0;0;0;0;0;0;0;12,6;39,98;12,23;13,3;1,1;357,71;3,6;0
"10_6";"Hibbertia lucens";"Hibbertia";"lucens";10;"M";0;0;0;0;0;0;0;0;0;0;0;0;0;0;0;0;0;0;0;0;28,38;62,74;17,37;36,25;1,65;569,06;10,34;0
"11_1";"Metrosideros laurifolia";"Metrosideros";"laurifolia";11;"M";0;0;0;0;0;0;0;0;0;0;0;0;0;0;0;0;0;0;0;0;3,81;3,78;0,62;7,05;4,71;108,35;4,63;0
"11_2";"Metrosideros laurifolia";"Metrosideros";"laurifolia";11;"M";0;0;0;0;0;0;0;0;0;0;0;0;0;0;0;0;0;0;0;0;4,19;9,88;3,39;8,66;4,43;112,79;8,08;0
"11_3";"Metrosideros laurifolia";"Metrosideros";"laurifolia";11;"M";0;0;0;0;0;0;0;0;0;0;0;0;0;0;0;0;0;0;0;0;3,24;15,18;6,26;6,26;13,34;124,24;4,93;0
"11_4";"Metrosideros laurifolia";"Metrosideros";"laurifolia";11;"M";0;0;0;0;0;0;0;0;0;0;0;0;0;0;0;0;0;0;0;0;9,37;9,71;0,67;13,88;5,64;347,22;10,33;0
"11_5";"Metrosideros laurifolia";"Metrosideros";"laurifolia";11;"M";0;0;0;0;0;0;0;0;0;0;0;0;0;0;0;0;0;0;0;0;4,7;9,33;2,36;7,1;5,93;121,43;4,19;0
"11_6";"Metrosideros laurifolia";"Metrosideros";"laurifolia";11;"M";0;0;0;0;0;0;0;0;0;0;0;0;0;0;0;0;0;0;0;0;4,5;6,53;1,26;8,78;17,78;146,89;7,3;0
"12_1";"Tristaniopsis glauca";"Tristaniopsis";"glauca";12;"M";0;0;0;0;0;0;0;0;0;0;0;0;0;0;0;0;0;0;0;0;5,74;19,3;8,37;16,79;2,47;152;9,91;0
"12_2";"Tristaniopsis glauca";"Tristaniopsis";"glauca";12;"M";0;0;0;0;0;0;0;0;0;0;0;0;0;0;0;0;0;0;0;0;7,17;12,1;3,93;19,15;4,46;285,19;18,45;0
"12_3";"Tristaniopsis glauca";"Tristaniopsis";"glauca";12;"M";0;0;0;0;0;0;0;0;0;0;0;0;0;0;0;0;0;0;0;0;10,89;29,67;11,82;29,8;1,59;171,77;16,31;0
"12_4";"Tristaniopsis glauca";"Tristaniopsis";"glauca";12;"M";0;0;0;0;0;0;0;0;0;0;0;0;0;0;0;0;0;0;0;0;1,82;9,38;5,23;4,65;3,24;136,72;3,88;0
"12_5";"Tristaniopsis glauca";"Tristaniopsis";"glauca";12;"M";0;0;0;0;0;0;0;0;0;0;0;0;0;0;0;0;0;0;0;0;4,54;4,23;0,61;12,12;7,36;212,95;7,32;0
"12_6";"Tristaniopsis glauca";"Tristaniopsis";"glauca";12;"M";0;0;0;0;0;0;0;0;0;0;0;0;0;0;0;0;0;0;0;0;6,34;18,23;7,92;18,32;1,65;255,05;15,93;0
"13_1";"Calophyllum inophyllum";"Calophyllum";"inophyllum";13;"G";0;0;0;0;0;0;0;0;0;0;0;0;0;0;0;0;0;0;0;0;18,79;30;5,83;27,17;44,93;1123,85;12,52;0
"13_2";"Calophyllum inophyllum";"Calophyllum";"inophyllum";13;"G";0;0;0;0;0;0;0;0;0;0;0;0;0;0;0;0;0;0;0;0;50,46;39,91;6,3;128,79;69,93;1486,7;50,33;0
"13_3";"Calophyllum inophyllum";"Calophyllum";"inophyllum";13;"G";0;0;0;0;0;0;0;0;0;0;0;0;0;0;0;0;0;0;0;0;8,3;18,92;5,83;13,12;10,2;393,6;4,46;0
"13_4";"Calophyllum inophyllum";"Calophyllum";"inophyllum";13;"G";0;0;0;0;0;0;0;0;0;0;0;0;0;0;0;0;0;0;0;0;13,91;13,78;3,1;22,89;10,16;692,86;9,2;0
"13_5";"Calophyllum inophyllum";"Calophyllum";"inophyllum";13;"G";0;0;0;0;0;0;0;0;0;0;0;0;0;0;0;0;0;0;0;0;13,89;22,04;4,88;25,97;11,42;720,66;11,57;0
"13_6";"Calophyllum inophyllum";"Calophyllum";"inophyllum";13;"G";0;0;0;0;0;0;0;0;0;0;0;0;0;0;0;0;0;0;0;0;49,38;38,89;3,05;58,83;17,89;170,03;9,87;0
"14_1";"Santalum austrocaledonicum";"Santalum";"austrocaledonicum";14;"";0;0;0;0;0;0;0;0;0;0;0;0;0;0;0;0;0;0;0;0;6,98;8,34;1,61;4,99;1,76;483,12;0,83;0
"14_2";"Santalum austrocaledonicum";"Santalum";"austrocaledonicum";14;"";0;0;0;0;0;0;0;0;0;0;0;0;0;0;0;0;0;0;0;0;16,57;21,22;3,1;15,04;1,45;753,46;1,95;0
"14_3";"Santalum austrocaledonicum";"Santalum";"austrocaledonicum";14;"";0;0;0;0;0;0;0;0;0;0;0;0;0;0;0;0;0;0;0;0;13,97;37,99;12,32;11,13;2,73;781,06;1,54;0
"14_4";"Santalum austrocaledonicum";"Santalum";"austrocaledonicum";14;"";0;0;0;0;0;0;0;0;0;0;0;0;0;0;0;0;0;0;0;0;6,05;13,41;3,63;7,81;1,57;305,88;1,13;0
"14_5";"Santalum austrocaledonicum";"Santalum";"austrocaledonicum";14;"";0;0;0;0;0;0;0;0;0;0;0;0;0;0;0;0;0;0;0;0;12,4;13,48;5,75;9,69;1,1;1153,62;3,99;0
"14_6";"Santalum austrocaledonicum";"Santalum";"austrocaledonicum";14;"";0;0;0;0;0;0;0;0;0;0;0;0;0;0;0;0;0;0;0;0;21,56;15,46;2,87;24,15;0,92;1118,5;4,86;0
"15_1";"Syzygium cumini";"Syzygium";"cumini";15;"I";0;0;0;0;0;0;0;0;0;0;0;0;0;0;0;0;0;0;0;0;6,65;6,11;1,56;8,84;2,01;552,67;3;0
"15_2";"Syzygium cumini";"Syzygium";"cumini";15;"I";0;0;0;0;0;0;0;0;0;0;0;0;0;0;0;0;0;0;0;0;28,03;22,91;1,6;30,58;20,2;1264,39;5,7;0
"15_3";"Syzygium cumini";"Syzygium";"cumini";15;"I";0;0;0;0;0;0;0;0;0;0;0;0;0;0;0;0;0;0;0;0;10,42;22,26;7,99;11,17;12,14;421,02;1,79;0
"15_4";"Syzygium cumini";"Syzygium";"cumini";15;"I";0;0;0;0;0;0;0;0;0;0;0;0;0;0;0;0;0;0;0;0;16,16;18,7;1,78;26,63;8,1;947,71;9,34;0
"15_5";"Syzygium cumini";"Syzygium";"cumini";15;"I";0;0;0;0;0;0;0;0;0;0;0;0;0;0;0;0;0;0;0;0;12,33;17,17;2,6;19,55;7,7;991,92;8,76;0
"15_6";"Syzygium cumini";"Syzygium";"cumini";15;"I";0;0;0;0;0;0;0;0;0;0;0;0;0;0;0;0;0;0;0;0;14,32;12,5;0,91;16,28;8,47;677,07;3,36;0
"16_1";"Hibiscus tiliaceus";"Hibiscus";"tiliaceus";16;"";0;0;0;0;0;0;0;0;0;0;0;0;0;0;0;0;0;0;0;0;22,74;23,93;8,1;28,15;16,24;1329,22;4,28;0
"16_2";"Hibiscus tiliaceus";"Hibiscus";"tiliaceus";16;"";0;0;0;0;0;0;0;0;0;0;0;0;0;0;0;0;0;0;0;0;32,49;82,69;22,75;36,91;52,73;1913,29;7,69;0
"16_3";"Hibiscus tiliaceus";"Hibiscus";"tiliaceus";16;"";0;0;0;0;0;0;0;0;0;0;0;0;0;0;0;0;0;0;0;0;17,32;61,65;19,22;21,67;103,73;1808,73;6,83;0
"16_4";"Hibiscus tiliaceus";"Hibiscus";"tiliaceus";16;"";0;0;0;0;0;0;0;0;0;0;0;0;0;0;0;0;0;0;0;0;6,31;25,42;7,93;8,42;17,53;856,91;3,02;0
"16_5";"Hibiscus tiliaceus";"Hibiscus";"tiliaceus";16;"";0;0;0;0;0;0;0;0;0;0;0;0;0;0;0;0;0;0;0;0;49,07;26,76;7,9;56,96;60,27;3610,59;11,49;0
"16_6";"Hibiscus tiliaceus";"Hibiscus";"tiliaceus";16;"";0;0;0;0;0;0;0;0;0;0;0;0;0;0;0;0;0;0;0;0;27,89;71,98;18,54;31,03;33,09;1697,57;6,45;0
"17_1";"Barringtonia asiatica";"Barringtonia";"asiatica";17;"G";0;0;0;0;0;0;0;0;0;0;0;0;0;0;0;0;0;0;0;0;30,11;27,66;0,46;13,7;162,61;1284,99;3,51;0
"17_2";"Barringtonia asiatica";"Barringtonia";"asiatica";17;"G";0;0;0;0;0;0;0;0;0;0;0;0;0;0;0;0;0;0;0;0;12,73;11,27;0,36;6,94;58,23;339,63;1,41;0
"17_3";"Barringtonia asiatica";"Barringtonia";"asiatica";17;"G";0;0;0;0;0;0;0;0;0;0;0;0;0;0;0;0;0;0;0;0;17,67;18,61;0,49;8,63;95,28;300,04;0,9;0
"17_4";"Barringtonia asiatica";"Barringtonia";"asiatica";17;"G";0;0;0;0;0;0;0;0;0;0;0;0;0;0;0;0;0;0;0;0;25,36;23,99;0,29;14,68;104,39;343,41;2,38;0
"17_5";"Barringtonia asiatica";"Barringtonia";"asiatica";17;"G";0;0;0;0;0;0;0;0;0;0;0;0;0;0;0;0;0;0;0;0;14,55;17,6;1,2;10,16;148,44;184,92;1,37;0
"17_6";"Barringtonia asiatica";"Barringtonia";"asiatica";17;"G";0;0;0;0;0;0;0;0;0;0;0;0;0;0;0;0;0;0;0;0;23,05;22,05;0,6;15,62;192,12;220,57;2,66;0
"18_1";"Leucaena leucocephala";"Leucaena";"leucocephala";18;"I";0;0;0;0;0;0;0;0;0;0;0;0;0;0;0;0;0;0;0;0;0;0;0;0;0;0;0;0
"18_2";"Leucaena leucocephala";"Leucaena";"leucocephala";18;"I";0;0;0;0;0;0;0;0;0;0;0;0;0;0;0;0;0;0;0;0;0;0;0;0;0;0;0;0
"18_3";"Leucaena leucocephala";"Leucaena";"leucocephala";18;"I";0;0;0;0;0;0;0;0;0;0;0;0;0;0;0;0;0;0;0;0;0;0;0;0;0;0;0;0
"18_4";"Leucaena leucocephala";"Leucaena";"leucocephala";18;"I";0;0;0;0;0;0;0;0;0;0;0;0;0;0;0;0;0;0;0;0;0;0;0;0;0;0;0;0
"18_5";"Leucaena leucocephala";"Leucaena";"leucocephala";18;"I";0;0;0;0;0;0;0;0;0;0;0;0;0;0;0;0;0;0;0;0;0;0;0;0;0;0;0;0
"18_6";"Leucaena leucocephala";"Leucaena";"leucocephala";18;"I";0;0;0;0;0;0;0;0;0;0;0;0;0;0;0;0;0;0;0;0;0;0;0;0;0;0;0;0
"19_1";"Acropogon bullatus";"Acropogon";"bullatus";19;"";0;0;0;0;0;0;0;0;0;0;0;0;0;0;0;0;0;0;0;0;21;17,68;1,37;33,75;65,96;780,72;12,32;0
"19_2";"Acropogon bullatus";"Acropogon";"bullatus";19;"";0;0;0;0;0;0;0;0;0;0;0;0;0;0;0;0;0;0;0;0;26,18;27,46;1,88;38,11;45,05;1018,25;10,04;0
"19_3";"Acropogon bullatus";"Acropogon";"bullatus";19;"";0;0;0;0;0;0;0;0;0;0;0;0;0;0;0;0;0;0;0;0;22,2;28,95;4,45;29,25;23,21;1530,19;11,55;0
"19_4";"Acropogon bullatus";"Acropogon";"bullatus";19;"";0;0;0;0;0;0;0;0;0;0;0;0;0;0;0;0;0;0;0;0;26,02;29,23;4,25;39,42;74,81;843,7;11,59;0
"19_5";"Acropogon bullatus";"Acropogon";"bullatus";19;"";0;0;0;0;0;0;0;0;0;0;0;0;0;0;0;0;0;0;0;0;18,31;20,65;2,21;23,98;43,03;688,65;6,5;0
"19_6";"Acropogon bullatus";"Acropogon";"bullatus";19;"";0;0;0;0;0;0;0;0;0;0;0;0;0;0;0;0;0;0;0;0;19,42;16,73;5,7;22,41;44,47;1919,32;8,28;0
"20_1";"Cerbera manghas";"Cerbera";"manghas";20;"G";0;0;0;0;0;0;0;0;0;0;0;0;0;0;0;0;0;0;0;0;4,88;7,74;1,08;3,56;15,05;832,43;1,25;0
"20_2";"Cerbera manghas";"Cerbera";"manghas";20;"G";0;0;0;0;0;0;0;0;0;0;0;0;0;0;0;0;0;0;0;0;6,7;19,88;5,21;4,3;15,82;1604,5;1,22;0
"20_3";"Cerbera manghas";"Cerbera";"manghas";20;"G";0;0;0;0;0;0;0;0;0;0;0;0;0;0;0;0;0;0;0;0;45,82;41,64;1,36;42,23;5,39;1715,31;7,73;0
"20_4";"Cerbera manghas";"Cerbera";"manghas";20;"G";0;0;0;0;0;0;0;0;0;0;0;0;0;0;0;0;0;0;0;0;12,74;12,7;0,24;8,19;12,57;651,83;1,27;0
"20_5";"Cerbera manghas";"Cerbera";"manghas";20;"G";0;0;0;0;0;0;0;0;0;0;0;0;0;0;0;0;0;0;0;0;22,56;21,28;0,44;14,87;19,3;496,12;1,3;0
"20_6";"Cerbera manghas";"Cerbera";"manghas";20;"G";0;0;0;0;0;0;0;0;0;0;0;0;0;0;0;0;0;0;0;0;19,42;15,02;1,77;13,79;11,51;1039,55;3,08;0
"21_1";"Scaevola taccada";"Scaevola";"taccada";21;"G";0;0;0;0;0;0;0;0;0;0;0;0;0;0;0;0;0;0;0;0;143,38;124,53;2,01;15,12;5,46;4353,85;2,15;0
"21_2";"Scaevola taccada";"Scaevola";"taccada";21;"G";0;0;0;0;0;0;0;0;0;0;0;0;0;0;0;0;0;0;0;0;228,65;220,87;2,4;30,19;14,94;1272,81;2,8;0
"21_3";"Scaevola taccada";"Scaevola";"taccada";21;"G";0;0;0;0;0;0;0;0;0;0;0;0;0;0;0;0;0;0;0;0;91,35;95,52;1,59;10,75;5,7;1223,35;0,57;0
"21_4";"Scaevola taccada";"Scaevola";"taccada";21;"G";0;0;0;0;0;0;0;0;0;0;0;0;0;0;0;0;0;0;0;0;9,74;19,02;2,38;1,48;4,45;935,73;0,21;0
"21_5";"Scaevola taccada";"Scaevola";"taccada";21;"G";0;0;0;0;0;0;0;0;0;0;0;0;0;0;0;0;0;0;0;0;29,18;24,71;0,95;5,22;8,35;1051,07;0,57;0
"21_6";"Scaevola taccada";"Scaevola";"taccada";21;"G";0;0;0;0;0;0;0;0;0;0;0;0;0;0;0;0;0;0;0;0;22,06;28,57;3,93;2,88;10;1671,46;0,58;0
"22_1";"Acacia spirorbis";"Acacia";"spirorbis";22;"L";0;0;0;0;0;0;0;0;0;0;0;0;0;0;0;0;0;0;0;0;34,08;21;2,92;29,3;0,69;1083,03;6,51;0
"22_2";"Acacia spirorbis";"Acacia";"spirorbis";22;"L";0;0;0;0;0;0;0;0;0;0;0;0;0;0;0;0;0;0;0;0;63,99;60,1;9,21;74,56;2,46;3192,13;23,49;0
"22_3";"Acacia spirorbis";"Acacia";"spirorbis";22;"L";0;0;0;0;0;0;0;0;0;0;0;0;0;0;0;0;0;0;0;0;52,38;70,34;11,28;51,09;0,91;2395,99;11,91;0
"22_4";"Acacia spirorbis";"Acacia";"spirorbis";22;"L";0;0;0;0;0;0;0;0;0;0;0;0;0;0;0;0;0;0;0;0;30,89;37,83;9,28;35,8;2,34;1200,32;9,02;0
"22_5";"Acacia spirorbis";"Acacia";"spirorbis";22;"L";0;0;0;0;0;0;0;0;0;0;0;0;0;0;0;0;0;0;0;0;29,43;33,53;8,05;27,35;1,68;1315,16;3,51;0
"22_6";"Acacia spirorbis";"Acacia";"spirorbis";22;"L";0;0;0;0;0;0;0;0;0;0;0;0;0;0;0;0;0;0;0;0;21,02;22,27;8,07;14,86;1,86;1705,6;4,09;0
"23_1";"Melaleuca quinquenervia";"Melaleuca";"quinquenervia";23;"";0;0;0;0;0;0;0;0;0;0;0;0;0;0;0;0;0;0;0;0;11,14;11,35;1,32;25,15;1,35;106,98;8,89;0
"23_2";"Melaleuca quinquenervia";"Melaleuca";"quinquenervia";23;"";0;0;0;0;0;0;0;0;0;0;0;0;0;0;0;0;0;0;0;0;12,23;16,59;4,86;23,29;0,95;374,63;9,26;0
"23_3";"Melaleuca quinquenervia";"Melaleuca";"quinquenervia";23;"";0;0;0;0;0;0;0;0;0;0;0;0;0;0;0;0;0;0;0;0;2,52;14,39;5,97;5,2;1,11;71,88;1,61;0
"23_4";"Melaleuca quinquenervia";"Melaleuca";"quinquenervia";23;"";0;0;0;0;0;0;0;0;0;0;0;0;0;0;0;0;0;0;0;0;8,37;31,33;13,01;16,87;2,31;883,15;15,31;0
"23_5";"Melaleuca quinquenervia";"Melaleuca";"quinquenervia";23;"";0;0;0;0;0;0;0;0;0;0;0;0;0;0;0;0;0;0;0;0;9,47;9,78;2,46;17,62;0,95;220,74;6,42;0
"23_6";"Melaleuca quinquenervia";"Melaleuca";"quinquenervia";23;"";0;0;0;0;0;0;0;0;0;0;0;0;0;0;0;0;0;0;0;0;5,57;7,31;3,57;12,11;1,37;199,54;6,76;0
"24_1";"Pinus caribea";"Pinus";"caribea";24;"I";0;0;0;0;0;0;0;0;0;0;0;0;0;0;0;0;0;0;0;0;9,86;9,95;1,64;21,05;0,51;1031,08;6,26;0
"24_2";"Pinus caribea";"Pinus";"caribea";24;"I";0;0;0;0;0;0;0;0;0;0;0;0;0;0;0;0;0;0;0;0;7,84;7,66;4,03;12,71;0,23;464,11;1,71;0
"24_3";"Pinus caribea";"Pinus";"caribea";24;"I";0;0;0;0;0;0;0;0;0;0;0;0;0;0;0;0;0;0;0;0;3,76;8,08;3,86;8,15;0,17;422,74;3,58;0
"24_4";"Pinus caribea";"Pinus";"caribea";24;"I";0;0;0;0;0;0;0;0;0;0;0;0;0;0;0;0;0;0;0;0;6,2;4,91;3,72;13,15;0,14;428,11;3,93;0
"24_5";"Pinus caribea";"Pinus";"caribea";24;"I";0;0;0;0;0;0;0;0;0;0;0;0;0;0;0;0;0;0;0;0;23,61;21,19;1,4;37,15;0,27;759,63;9,94;0
"24_6";"Pinus caribea";"Pinus";"caribea";24;"I";0;0;0;0;0;0;0;0;0;0;0;0;0;0;0;0;0;0;0;0;9,9;20,54;5,87;18,62;0,5;257,13;1,13;0
"25_1";"Ficus habrophyla";"Ficus";"habrophyla";25;"F";0;0;0;0;0;0;0;0;0;0;0;0;0;0;0;0;0;0;0;0;5,32;22,41;8,82;7,42;74,55;443,76;2,43;0
"25_2";"Ficus habrophyla";"Ficus";"habrophyla";25;"F";0;0;0;0;0;0;0;0;0;0;0;0;0;0;0;0;0;0;0;0;17,44;28,56;12,77;31,13;50,45;1192,3;13,04;0
"25_3";"Ficus habrophyla";"Ficus";"habrophyla";25;"F";0;0;0;0;0;0;0;0;0;0;0;0;0;0;0;0;0;0;0;0;52,06;69,38;11,04;67,85;157,81;2266,6;14,66;0
"25_4";"Ficus habrophyla";"Ficus";"habrophyla";25;"F";0;0;0;0;0;0;0;0;0;0;0;0;0;0;0;0;0;0;0;0;12,27;15,07;2,54;16,51;217,53;809,77;4,43;0
"25_5";"Ficus habrophyla";"Ficus";"habrophyla";25;"F";0;0;0;0;0;0;0;0;0;0;0;0;0;0;0;0;0;0;0;0;7,53;3,09;1,74;7,59;72,48;490,52;2,04;0
"25_6";"Ficus habrophyla";"Ficus";"habrophyla";25;"F";0;0;0;0;0;0;0;0;0;0;0;0;0;0;0;0;0;0;0;0;22,49;45,5;10,45;21,94;46,03;1502,05;5,62;0
"26_1";"Elattostachys apetala";"Elattostachys";"apetala";26;"F";0;0;0;0;0;0;0;0;0;0;0;0;0;0;0;0;0;0;0;0;6,96;7,53;0,91;11,83;2,5;782,11;3,28;0
"26_2";"Elattostachys apetala";"Elattostachys";"apetala";26;"F";0;0;0;0;0;0;0;0;0;0;0;0;0;0;0;0;0;0;0;0;6,75;9,8;4,24;11,27;8,15;686,8;2,91;0
"26_3";"Elattostachys apetala";"Elattostachys";"apetala";26;"F";0;0;0;0;0;0;0;0;0;0;0;0;0;0;0;0;0;0;0;0;85,29;69,04;4,28;135,16;14,51;4632,87;21,89;0
"26_4";"Elattostachys apetala";"Elattostachys";"apetala";26;"F";0;0;0;0;0;0;0;0;0;0;0;0;0;0;0;0;0;0;0;0;8,07;3,73;2,93;12,29;8,61;866,16;2,39;0
"26_5";"Elattostachys apetala";"Elattostachys";"apetala";26;"F";0;0;0;0;0;0;0;0;0;0;0;0;0;0;0;0;0;0;0;0;8,21;7,88;2,07;12,9;16,2;468,53;2,04;0
"26_6";"Elattostachys apetala";"Elattostachys";"apetala";26;"F";0;0;0;0;0;0;0;0;0;0;0;0;0;0;0;0;0;0;0;0;3,56;7,21;3,64;6,38;7,63;518,79;2,18;0
"27_1";"Neuburgia novocaledonica";"Neuburgia";"novocaledonica";27;"F";0;0;0;0;0;0;0;0;0;0;0;0;0;0;0;0;0;0;0;0;21,94;54,09;8,95;9,42;22,43;1115,16;1,61;0
"27_2";"Neuburgia novocaledonica";"Neuburgia";"novocaledonica";27;"F";0;0;0;0;0;0;0;0;0;0;0;0;0;0;0;0;0;0;0;0;33,43;36,59;2,95;19,06;47,85;2001,4;3,72;0
"27_3";"Neuburgia novocaledonica";"Neuburgia";"novocaledonica";27;"F";0;0;0;0;0;0;0;0;0;0;0;0;0;0;0;0;0;0;0;0;31,73;43,62;4,2;12,31;42,94;2852,81;3,21;0
"27_4";"Neuburgia novocaledonica";"Neuburgia";"novocaledonica";27;"F";0;0;0;0;0;0;0;0;0;0;0;0;0;0;0;0;0;0;0;0;69,21;118,34;16,46;25,57;77,11;2400,92;3,37;0
"27_5";"Neuburgia novocaledonica";"Neuburgia";"novocaledonica";27;"F";0;0;0;0;0;0;0;0;0;0;0;0;0;0;0;0;0;0;0;0;20,81;44,49;6,49;7,79;25,71;1169,55;0,85;0
"27_6";"Neuburgia novocaledonica";"Neuburgia";"novocaledonica";27;"F";0;0;0;0;0;0;0;0;0;0;0;0;0;0;0;0;0;0;0;0;65,23;88,77;7,82;21,67;35,12;2286,4;2,74;0
"28_1";"Archidendropsis granulosa";"Archidendropsis";"granulosa";28;"F";0;0;0;0;0;0;0;0;0;0;0;0;0;0;0;0;0;0;0;0;0;0;0;0;0;0;0;0
"28_2";"Archidendropsis granulosa";"Archidendropsis";"granulosa";28;"F";0;0;0;0;0;0;0;0;0;0;0;0;0;0;0;0;0;0;0;0;0;0;0;0;0;0;0;0
"28_3";"Archidendropsis granulosa";"Archidendropsis";"granulosa";28;"F";0;0;0;0;0;0;0;0;0;0;0;0;0;0;0;0;0;0;0;0;0;0;0;0;0;0;0;0
"28_4";"Archidendropsis granulosa";"Archidendropsis";"granulosa";28;"F";0;0;0;0;0;0;0;0;0;0;0;0;0;0;0;0;0;0;0;0;0;0;0;0;0;0;0;0
"28_5";"Archidendropsis granulosa";"Archidendropsis";"granulosa";28;"F";0;0;0;0;0;0;0;0;0;0;0;0;0;0;0;0;0;0;0;0;0;0;0;0;0;0;0;0
"28_6";"Archidendropsis granulosa";"Archidendropsis";"granulosa";28;"F";0;0;0;0;0;0;0;0;0;0;0;0;0;0;0;0;0;0;0;0;0;0;0;0;0;0;0;0
"29_1";"Alstonia balansae";"Alstonia";"balansae";29;"";0;0;0;0;0;0;0;0;0;0;0;0;0;0;0;0;0;0;0;0;19,36;18,9;1,62;14,66;24,52;1344,37;4,36;0
"29_2";"Alstonia balansae";"Alstonia";"balansae";29;"";0;0;0;0;0;0;0;0;0;0;0;0;0;0;0;0;0;0;0;0;15,34;24,13;3,85;14,22;3,97;1038,79;3,96;0
"29_3";"Alstonia balansae";"Alstonia";"balansae";29;"";0;0;0;0;0;0;0;0;0;0;0;0;0;0;0;0;0;0;0;0;16,16;31,67;6,94;14,95;85,51;1380,07;5,58;0
"29_4";"Alstonia balansae";"Alstonia";"balansae";29;"";0;0;0;0;0;0;0;0;0;0;0;0;0;0;0;0;0;0;0;0;19,24;19,46;0,99;14,3;10,46;1275,16;3,24;0
"29_5";"Alstonia balansae";"Alstonia";"balansae";29;"";0;0;0;0;0;0;0;0;0;0;0;0;0;0;0;0;0;0;0;0;34,36;34,85;1,17;22,36;30,57;2487,75;5,94;0
"29_6";"Alstonia balansae";"Alstonia";"balansae";29;"";0;0;0;0;0;0;0;0;0;0;0;0;0;0;0;0;0;0;0;0;24,49;29,89;2,89;22,66;19,03;1478,93;8,04;0
"30_1";"Hernandia cordigera";"Hernandia";"cordigera";30;"";0;0;0;0;0;0;0;0;0;0;0;0;0;0;0;0;0;0;0;0;12,4;13,87;0,89;11,08;7,99;361,74;2,81;0
"30_2";"Hernandia cordigera";"Hernandia";"cordigera";30;"";0;0;0;0;0;0;0;0;0;0;0;0;0;0;0;0;0;0;0;0;13,14;18,7;3,35;11,91;20,68;585,02;3,73;0
"30_3";"Hernandia cordigera";"Hernandia";"cordigera";30;"";0;0;0;0;0;0;0;0;0;0;0;0;0;0;0;0;0;0;0;0;18,61;24,09;3,13;17,9;31,57;603,39;5,75;0
"30_4";"Hernandia cordigera";"Hernandia";"cordigera";30;"";0;0;0;0;0;0;0;0;0;0;0;0;0;0;0;0;0;0;0;0;11,11;16,45;2,52;13,53;10,04;467,48;6,24;0
"30_5";"Hernandia cordigera";"Hernandia";"cordigera";30;"";0;0;0;0;0;0;0;0;0;0;0;0;0;0;0;0;0;0;0;0;17,38;19,09;1,54;17,36;20,93;386,66;6,53;0
"30_6";"Hernandia cordigera";"Hernandia";"cordigera";30;"";0;0;0;0;0;0;0;0;0;0;0;0;0;0;0;0;0;0;0;0;10,01;13,93;2,41;13,42;19,56;296,2;5,59;0
"31_1";"Fagraea berteroana";"Fagraea";"berteroana";31;"";0;0;0;0;0;0;0;0;0;0;0;0;0;0;0;0;0;0;0;0;22,74;15,45;2,28;9,94;39,07;436,43;0,87;0
"31_2";"Fagraea berteroana";"Fagraea";"berteroana";31;"";0;0;0;0;0;0;0;0;0;0;0;0;0;0;0;0;0;0;0;0;22,92;31,77;5,36;9,73;17,89;793,93;1,67;0
"31_3";"Fagraea berteroana";"Fagraea";"berteroana";31;"";0;0;0;0;0;0;0;0;0;0;0;0;0;0;0;0;0;0;0;0;11,16;15,17;1,51;4,48;10,94;153,82;0,61;0
"31_4";"Fagraea berteroana";"Fagraea";"berteroana";31;"";0;0;0;0;0;0;0;0;0;0;0;0;0;0;0;0;0;0;0;0;17,14;28,88;3,13;7,81;14,62;1047,34;2,88;0
"31_5";"Fagraea berteroana";"Fagraea";"berteroana";31;"";0;0;0;0;0;0;0;0;0;0;0;0;0;0;0;0;0;0;0;0;21,89;33,3;3,41;10,56;5,46;752,61;3,99;0
"31_6";"Fagraea berteroana";"Fagraea";"berteroana";31;"";0;0;0;0;0;0;0;0;0;0;0;0;0;0;0;0;0;0;0;0;8,91;29,66;7,25;4,18;24,53;752,3;3,26;0
"32_1";"Guioa villosa";"Guioa";"villosa";32;"M";0;0;0;0;0;0;0;0;0;0;0;0;0;0;0;0;0;0;0;0;2,56;3,86;2;7,43;1,1;477,54;9;0
"32_2";"Guioa villosa";"Guioa";"villosa";32;"M";0;0;0;0;0;0;0;0;0;0;0;0;0;0;0;0;0;0;0;0;24,25;12,22;10,09;44,93;0,51;2925,86;20,59;0
"32_3";"Guioa villosa";"Guioa";"villosa";32;"M";0;0;0;0;0;0;0;0;0;0;0;0;0;0;0;0;0;0;0;0;5,02;5,38;2,03;11,69;0,68;531,65;8,37;0
"32_4";"Guioa villosa";"Guioa";"villosa";32;"M";0;0;0;0;0;0;0;0;0;0;0;0;0;0;0;0;0;0;0;0;2,45;4,1;2,32;5,99;1,58;692,64;8,75;0
"32_5";"Guioa villosa";"Guioa";"villosa";32;"M";0;0;0;0;0;0;0;0;0;0;0;0;0;0;0;0;0;0;0;0;4,24;3,98;2,01;10,34;0,21;288,76;3,02;0
"32_6";"Guioa villosa";"Guioa";"villosa";32;"M";0;0;0;0;0;0;0;0;0;0;0;0;0;0;0;0;0;0;0;0;4,27;3,03;2,2;10,35;0,68;324,36;3,3;0
"36_1";"Tabernaemontana cerifera";"Tabernaemontana";"cerifera";36;"F";0;0;0;0;0;0;0;0;0;0;0;0;0;0;0;0;0;0;0;0;87,03;91,45;5,23;37,6;39,93;1852,54;9,28;0
"36_2";"Tabernaemontana cerifera";"Tabernaemontana";"cerifera";36;"F";0;0;0;0;0;0;0;0;0;0;0;0;0;0;0;0;0;0;0;0;18,73;34,11;5,95;9,79;51,51;151,19;1,29;0
"36_3";"Tabernaemontana cerifera";"Tabernaemontana";"cerifera";36;"F";0;0;0;0;0;0;0;0;0;0;0;0;0;0;0;0;0;0;0;0;47,85;68,39;7,81;24,26;28,43;981,06;5,76;0
"36_4";"Tabernaemontana cerifera";"Tabernaemontana";"cerifera";36;"F";0;0;0;0;0;0;0;0;0;0;0;0;0;0;0;0;0;0;0;0;7,03;24,21;5,48;4,97;4,23;192,08;1,63;0
"36_5";"Tabernaemontana cerifera";"Tabernaemontana";"cerifera";36;"F";0;0;0;0;0;0;0;0;0;0;0;0;0;0;0;0;0;0;0;0;11,4;67,98;15,65;7,36;25,63;356,35;2,78;0
"36_6";"Tabernaemontana cerifera";"Tabernaemontana";"cerifera";36;"F";0;0;0;0;0;0;0;0;0;0;0;0;0;0;0;0;0;0;0;0;34,28;49,75;9,26;20,85;26,88;485,78;7,45;0
"37_1";"Myodocarpus fraxinifolius";"Myodocarpus";"fraxinifolius";37;"F";0;0;0;0;0;0;0;0;0;0;0;0;0;0;0;0;0;0;0;0;2,15;3,7;1,97;4,04;2,2;386,99;3,04;0
"37_2";"Myodocarpus fraxinifolius";"Myodocarpus";"fraxinifolius";37;"F";0;0;0;0;0;0;0;0;0;0;0;0;0;0;0;0;0;0;0;0;1,37;6,49;2,31;2,55;5,72;196,54;1,76;0
"37_3";"Myodocarpus fraxinifolius";"Myodocarpus";"fraxinifolius";37;"F";0;0;0;0;0;0;0;0;0;0;0;0;0;0;0;0;0;0;0;0;5,33;14,97;4,67;8,44;2,93;512,96;3,08;0
"37_4";"Myodocarpus fraxinifolius";"Myodocarpus";"fraxinifolius";37;"F";0;0;0;0;0;0;0;0;0;0;0;0;0;0;0;0;0;0;0;0;1,12;5,47;2,46;2,28;2,07;121,67;1,32;0
"37_5";"Myodocarpus fraxinifolius";"Myodocarpus";"fraxinifolius";37;"F";0;0;0;0;0;0;0;0;0;0;0;0;0;0;0;0;0;0;0;0;5,52;7,69;1,25;7,39;2,1;316,26;1,87;0
"37_6";"Myodocarpus fraxinifolius";"Myodocarpus";"fraxinifolius";37;"F";0;0;0;0;0;0;0;0;0;0;0;0;0;0;0;0;0;0;0;0;2,04;8,08;2,81;3,74;1,96;252,12;1,79;0
"38_1";"Agathis lanceolata";"Agathis";"lanceolata";38;"";0;0;0;0;0;0;0;0;0;0;0;0;0;0;0;0;0;0;0;0;3;4,68;1,17;5,44;1,43;250,71;4,4;0
"38_2";"Agathis lanceolata";"Agathis";"lanceolata";38;"";0;0;0;0;0;0;0;0;0;0;0;0;0;0;0;0;0;0;0;0;17,55;17,3;0,49;23,15;1,22;487,28;9,44;0
"38_3";"Agathis lanceolata";"Agathis";"lanceolata";38;"";0;0;0;0;0;0;0;0;0;0;0;0;0;0;0;0;0;0;0;0;4,93;5,54;1,54;8,94;0,79;279,96;6,04;0
"38_4";"Agathis lanceolata";"Agathis";"lanceolata";38;"";0;0;0;0;0;0;0;0;0;0;0;0;0;0;0;0;0;0;0;0;4,78;4,43;0,57;11,52;1,11;280,47;13,25;0
"38_5";"Agathis lanceolata";"Agathis";"lanceolata";38;"";0;0;0;0;0;0;0;0;0;0;0;0;0;0;0;0;0;0;0;0;3,5;5,43;1,4;8,86;1,86;221,89;12,55;0
"38_6";"Agathis lanceolata";"Agathis";"lanceolata";38;"";0;0;0;0;0;0;0;0;0;0;0;0;0;0;0;0;0;0;0;0;4,21;4,13;0,41;11,71;0,67;179,54;11,76;0
"39_1";"Calophyllum caledonicum";"Calophyllum";"caledonicum";39;"F";0;0;0;0;0;0;0;0;0;0;0;0;0;0;0;0;0;0;0;0;5,82;17,67;5,95;11,76;6,83;267,36;7,52;0
"39_2";"Calophyllum caledonicum";"Calophyllum";"caledonicum";39;"F";0;0;0;0;0;0;0;0;0;0;0;0;0;0;0;0;0;0;0;0;5,72;17,47;5,65;11,52;3,48;182;5,41;0
"39_3";"Calophyllum caledonicum";"Calophyllum";"caledonicum";39;"F";0;0;0;0;0;0;0;0;0;0;0;0;0;0;0;0;0;0;0;0;6,78;12,41;3,22;13,41;3,05;323,6;5,9;0
"39_4";"Calophyllum caledonicum";"Calophyllum";"caledonicum";39;"F";0;0;0;0;0;0;0;0;0;0;0;0;0;0;0;0;0;0;0;0;6,63;7,15;1,89;11,34;4,64;153,39;2,69;0
"39_5";"Calophyllum caledonicum";"Calophyllum";"caledonicum";39;"F";0;0;0;0;0;0;0;0;0;0;0;0;0;0;0;0;0;0;0;0;2,62;9,93;4,69;5,14;3,44;247,77;3,66;0
"39_6";"Calophyllum caledonicum";"Calophyllum";"caledonicum";39;"F";0;0;0;0;0;0;0;0;0;0;0;0;0;0;0;0;0;0;0;0;1,51;4,62;1,79;3,15;6,06;245,03;3,33;0
"40_1";"Diospyros fasciculosa";"Diospyros";"fasciculosa";40;"L";0;0;0;0;0;0;0;0;0;0;0;0;0;0;0;0;0;0;0;0;13,17;18,11;3,99;32,11;15,35;1579,15;11,5;0
"40_2";"Diospyros fasciculosa";"Diospyros";"fasciculosa";40;"L";0;0;0;0;0;0;0;0;0;0;0;0;0;0;0;0;0;0;0;0;16,3;10,75;6,97;37,22;20,59;2503,35;13,91;0
"40_3";"Diospyros fasciculosa";"Diospyros";"fasciculosa";40;"L";0;0;0;0;0;0;0;0;0;0;0;0;0;0;0;0;0;0;0;0;7,09;6,59;2,75;18,19;4,92;893,02;11,21;0
"40_4";"Diospyros fasciculosa";"Diospyros";"fasciculosa";40;"L";0;0;0;0;0;0;0;0;0;0;0;0;0;0;0;0;0;0;0;0;6,95;8,18;2,43;19,04;7,29;587,93;6,25;0
"40_5";"Diospyros fasciculosa";"Diospyros";"fasciculosa";40;"L";0;0;0;0;0;0;0;0;0;0;0;0;0;0;0;0;0;0;0;0;5,91;9,18;2,45;12,84;7,91;726,33;6,52;0
"40_6";"Diospyros fasciculosa";"Diospyros";"fasciculosa";40;"L";0;0;0;0;0;0;0;0;0;0;0;0;0;0;0;0;0;0;0;0;5,31;6,65;2,49;12,63;7,45;231,44;2,36;0
"41_1";"Acronychia laevis";"Acronychia";"laevis";41;"L";0;0;0;0;0;0;0;0;0;0;0;0;0;0;0;0;0;0;0;0;9,32;17,44;4,14;6,74;7,51;740,33;0,89;0
"41_2";"Acronychia laevis";"Acronychia";"laevis";41;"L";0;0;0;0;0;0;0;0;0;0;0;0;0;0;0;0;0;0;0;0;76,09;101,29;15,9;77,95;11,17;5286,26;13,42;0
"41_3";"Acronychia laevis";"Acronychia";"laevis";41;"L";0;0;0;0;0;0;0;0;0;0;0;0;0;0;0;0;0;0;0;0;44,79;20,08;5,25;31,64;3,12;2804,45;3,47;0
"41_4";"Acronychia laevis";"Acronychia";"laevis";41;"L";0;0;0;0;0;0;0;0;0;0;0;0;0;0;0;0;0;0;0;0;22,37;57,7;14,63;22,98;10,81;2283,4;4,12;0
"41_5";"Acronychia laevis";"Acronychia";"laevis";41;"L";0;0;0;0;0;0;0;0;0;0;0;0;0;0;0;0;0;0;0;0;15,12;54,49;13,56;14,17;2,2;1602,07;2,07;0
"41_6";"Acronychia laevis";"Acronychia";"laevis";41;"L";0;0;0;0;0;0;0;0;0;0;0;0;0;0;0;0;0;0;0;0;18,81;56,56;14,94;18,98;3,52;1487,75;2,63;0
"42_1";"Codiaeum peltatum";"Codiaeum";"peltatum";42;"L";0;0;0;0;0;0;0;0;0;0;0;0;0;0;0;0;0;0;0;0;18,18;20,31;1,22;18,01;1,51;1259,32;3,72;0
"42_2";"Codiaeum peltatum";"Codiaeum";"peltatum";42;"L";0;0;0;0;0;0;0;0;0;0;0;0;0;0;0;0;0;0;0;0;19,96;22,46;1,42;21,28;4,14;1348,93;4,73;0
"42_3";"Codiaeum peltatum";"Codiaeum";"peltatum";42;"L";0;0;0;0;0;0;0;0;0;0;0;0;0;0;0;0;0;0;0;0;9,55;9,01;0,71;10,93;5,37;474,48;2,34;0
"42_4";"Codiaeum peltatum";"Codiaeum";"peltatum";42;"L";0;0;0;0;0;0;0;0;0;0;0;0;0;0;0;0;0;0;0;0;37,01;38,35;2,28;32,32;5,63;3017,23;7,09;0
"42_5";"Codiaeum peltatum";"Codiaeum";"peltatum";42;"L";0;0;0;0;0;0;0;0;0;0;0;0;0;0;0;0;0;0;0;0;30,11;29,37;1,07;42,91;2,39;1543,92;6,85;0
"42_6";"Codiaeum peltatum";"Codiaeum";"peltatum";42;"L";0;0;0;0;0;0;0;0;0;0;0;0;0;0;0;0;0;0;0;0;11,05;7,47;3,03;11,78;4,05;488,6;2,07;0
"43_1";"Gardenia urvillei";"Gardenia";"urvillei";43;"L";0;0;0;0;0;0;0;0;0;0;0;0;0;0;0;0;0;0;0;0;17,03;29,26;5,7;22,73;2,33;1768,55;5,02;0
"43_2";"Gardenia urvillei";"Gardenia";"urvillei";43;"L";0;0;0;0;0;0;0;0;0;0;0;0;0;0;0;0;0;0;0;0;9,62;15,73;4,41;13,49;3,81;719,14;2,8;0
"43_3";"Gardenia urvillei";"Gardenia";"urvillei";43;"L";0;0;0;0;0;0;0;0;0;0;0;0;0;0;0;0;0;0;0;0;13,61;21,15;3,73;18,88;1,76;1629,96;4,48;0
"43_4";"Gardenia urvillei";"Gardenia";"urvillei";43;"L";0;0;0;0;0;0;0;0;0;0;0;0;0;0;0;0;0;0;0;0;13,58;37,14;11,55;23,51;2,61;918,63;4,64;0
"43_5";"Gardenia urvillei";"Gardenia";"urvillei";43;"L";0;0;0;0;0;0;0;0;0;0;0;0;0;0;0;0;0;0;0;0;10,63;34,26;11,04;16,23;1,05;597,93;3,39;0
"43_6";"Gardenia urvillei";"Gardenia";"urvillei";43;"L";0;0;0;0;0;0;0;0;0;0;0;0;0;0;0;0;0;0;0;0;10,72;17,46;5,07;20,65;3,04;959,67;6,04;0
"44_1";"Cordia dichotoma";"Cordia";"dichotoma";44;"L";0;0;0;0;0;0;0;0;0;0;0;0;0;0;0;0;0;0;0;0;31,86;27,17;8,82;21,07;8,06;2938,42;3,61;0
"44_2";"Cordia dichotoma";"Cordia";"dichotoma";44;"L";0;0;0;0;0;0;0;0;0;0;0;0;0;0;0;0;0;0;0;0;29,12;38,4;14,59;23,66;11,89;1445,23;4,67;0
"44_3";"Cordia dichotoma";"Cordia";"dichotoma";44;"L";0;0;0;0;0;0;0;0;0;0;0;0;0;0;0;0;0;0;0;0;11,43;1,54;0,84;8;13,9;473,73;0,71;0
"44_4";"Cordia dichotoma";"Cordia";"dichotoma";44;"L";0;0;0;0;0;0;0;0;0;0;0;0;0;0;0;0;0;0;0;0;21,06;10,62;3,75;19,48;5,12;1605,97;5,23;0
"44_5";"Cordia dichotoma";"Cordia";"dichotoma";44;"L";0;0;0;0;0;0;0;0;0;0;0;0;0;0;0;0;0;0;0;0;32,25;28,72;5,28;24,34;8,82;979,7;3,67;0
"44_6";"Cordia dichotoma";"Cordia";"dichotoma";44;"L";0;0;0;0;0;0;0;0;0;0;0;0;0;0;0;0;0;0;0;0;6,08;0,95;0,51;4,84;8,86;543,59;1,22;0
"45_1";"Lepidocupania arcuata";"Lepidocupania";"arcuata";45;"L";0;0;0;0;0;0;0;0;0;0;0;0;0;0;0;0;0;0;0;0;2,59;6,34;3,83;7,24;5,31;690,01;8,29;0
"45_2";"Lepidocupania arcuata";"Lepidocupania";"arcuata";45;"L";0;0;0;0;0;0;0;0;0;0;0;0;0;0;0;0;0;0;0;0;4,62;17,59;9,71;11,87;4,47;1141,91;12,99;0
"45_3";"Lepidocupania arcuata";"Lepidocupania";"arcuata";45;"L";0;0;0;0;0;0;0;0;0;0;0;0;0;0;0;0;0;0;0;0;7,98;8,18;3,83;21,88;8,07;425,15;3,9;0
"45_4";"Lepidocupania arcuata";"Lepidocupania";"arcuata";45;"L";0;0;0;0;0;0;0;0;0;0;0;0;0;0;0;0;0;0;0;0;3;1,04;0,59;8,27;0,93;510,43;7,49;0
"45_5";"Lepidocupania arcuata";"Lepidocupania";"arcuata";45;"L";0;0;0;0;0;0;0;0;0;0;0;0;0;0;0;0;0;0;0;0;1,85;5,06;2,75;4,84;9,66;200,68;2,12;0
"45_6";"Lepidocupania arcuata";"Lepidocupania";"arcuata";45;"L";0;0;0;0;0;0;0;0;0;0;0;0;0;0;0;0;0;0;0;0;3,7;9,65;5,08;9,81;4,58;387,66;3,95;0
"46_1";"Scaevola montana";"Scaevola";"montana";46;"";0;0;0;0;0;0;0;0;0;0;0;0;0;0;0;0;0;0;0;0;56,36;115,1;15,96;21,69;1,53;3274,45;2,51;0
"46_2";"Scaevola montana";"Scaevola";"montana";46;"";0;0;0;0;0;0;0;0;0;0;0;0;0;0;0;0;0;0;0;0;41,74;71,72;11,02;20,16;1,54;1231,76;2,03;0
"46_3";"Scaevola montana";"Scaevola";"montana";46;"";0;0;0;0;0;0;0;0;0;0;0;0;0;0;0;0;0;0;0;0;25,96;15,52;5,31;12,69;1,53;1430,57;1,69;0
"46_4";"Scaevola montana";"Scaevola";"montana";46;"";0;0;0;0;0;0;0;0;0;0;0;0;0;0;0;0;0;0;0;0;49,74;89,76;11,95;18,24;1,2;2522,11;2,24;0
"46_5";"Scaevola montana";"Scaevola";"montana";46;"";0;0;0;0;0;0;0;0;0;0;0;0;0;0;0;0;0;0;0;0;37,24;51,39;5,18;11,96;5,97;2891,77;1,37;0
"46_6";"Scaevola montana";"Scaevola";"montana";46;"";0;0;0;0;0;0;0;0;0;0;0;0;0;0;0;0;0;0;0;0;52,92;51,37;9,26;27,27;2,51;2227,85;2,63;0
"47_1";"Alstonia vieillardii";"Alstonia";"vieillardii";47;"N";0;0;0;0;0;0;0;0;0;0;0;0;0;0;0;0;0;0;0;0;27,64;20,47;5,17;12,7;42,9;1054,4;1,83;0
"47_2";"Alstonia vieillardii";"Alstonia";"vieillardii";47;"N";0;0;0;0;0;0;0;0;0;0;0;0;0;0;0;0;0;0;0;0;21,66;36,05;6,57;17,21;39,82;609,93;3,71;0
"47_3";"Alstonia vieillardii";"Alstonia";"vieillardii";47;"N";0;0;0;0;0;0;0;0;0;0;0;0;0;0;0;0;0;0;0;0;36,13;34,12;2,28;33,5;31,52;1093,65;8,35;0
"47_4";"Alstonia vieillardii";"Alstonia";"vieillardii";47;"N";0;0;0;0;0;0;0;0;0;0;0;0;0;0;0;0;0;0;0;0;27,32;41,29;7,9;21,92;9,24;874,95;4,16;0
"47_5";"Alstonia vieillardii";"Alstonia";"vieillardii";47;"N";0;0;0;0;0;0;0;0;0;0;0;0;0;0;0;0;0;0;0;0;10,64;41,71;10,67;9,16;21,32;299,42;0,99;0
"47_6";"Alstonia vieillardii";"Alstonia";"vieillardii";47;"N";0;0;0;0;0;0;0;0;0;0;0;0;0;0;0;0;0;0;0;0;28,22;39,71;4,86;21,13;23,7;1505,25;4,38;0
"48_1";"Crossostylis grandiflora";"Crossostylis";"grandiflora";48;"F";0;0;0;0;0;0;0;0;0;0;0;0;0;0;0;0;0;0;0;0;18,05;46,22;11,31;20,41;10,17;430,45;4,53;0
"48_2";"Crossostylis grandiflora";"Crossostylis";"grandiflora";48;"F";0;0;0;0;0;0;0;0;0;0;0;0;0;0;0;0;0;0;0;0;12,16;16,89;3,2;12,33;12,01;914,43;4,67;0
"48_3";"Crossostylis grandiflora";"Crossostylis";"grandiflora";48;"F";0;0;0;0;0;0;0;0;0;0;0;0;0;NA;0;0;0;0;0;0;33,5;36,87;3,19;34,3;13,37;1506,91;11,15;0
"48_4";"Crossostylis grandiflora";"Crossostylis";"grandiflora";48;"F";0;0;0;0;0;0;0;0;0;0;0;0;0;0;0;0;0;0;0;0;42,65;44,75;3,05;40,65;18,88;1421,96;11,69;0
"48_5";"Crossostylis grandiflora";"Crossostylis";"grandiflora";48;"F";0;0;0;0;0;0;0;0;0;0;0;0;0;0;0;0;0;0;0;0;5,82;14,37;3,94;5,51;5,06;412,72;2,25;0
"48_6";"Crossostylis grandiflora";"Crossostylis";"grandiflora";48;"F";0;0;0;0;0;0;0;0;0;0;0;0;0;0;0;0;0;0;0;0;45,76;47,87;4,13;46,38;12,13;2320,85;14,97;0
"49_1";"Geissois racemosa";"Geissois";"racemosa";49;"F";0;0;0;0;0;0;0;0;0;0;0;0;0;0;0;0;0;0;0;0;6,55;7,93;1,86;10,93;17,8;266,51;2,56;0
"49_2";"Geissois racemosa";"Geissois";"racemosa";49;"F";0;0;0;0;0;0;0;0;0;0;0;0;0;0;0;0;0;0;0;0;26,49;25,74;4,16;36,42;22,46;1209,48;8,8;0
"49_3";"Geissois racemosa";"Geissois";"racemosa";49;"F";0;0;0;0;0;0;0;0;0;0;0;0;0;0;0;0;0;0;0;0;12,42;17,53;6,92;19,52;30,08;761,44;4,04;0
"49_4";"Geissois racemosa";"Geissois";"racemosa";49;"F";0;0;0;0;0;0;0;0;0;0;0;0;0;0;0;0;0;0;0;0;7,4;9,14;3,41;8,88;46,51;497,88;1,89;0
"49_5";"Geissois racemosa";"Geissois";"racemosa";49;"F";0;0;0;0;0;0;0;0;0;0;0;0;0;0;0;0;0;0;0;0;2,33;4,64;2,3;3,8;61,9;194,72;1,43;0
"49_6";"Geissois racemosa";"Geissois";"racemosa";49;"F";0;0;0;0;0;0;0;0;0;0;0;0;0;0;0;0;0;0;0;0;9,22;35,44;12,24;10,9;29,83;680,04;2,52;0
"50_1";"Glochidion billardierei";"Glochidion";"billardierei";50;"";0;0;0;0;0;0;0;0;0;0;0;0;0;0;0;0;0;0;0;0;11,15;4,82;1,72;20,38;3,24;115,86;2,59;0
"50_2";"Glochidion billardierei";"Glochidion";"billardierei";50;"";0;0;0;0;0;0;0;0;0;0;0;0;0;0;0;0;0;0;0;0;10,64;7,33;3,68;20,17;3,75;402,66;2,25;0
"50_3";"Glochidion billardierei";"Glochidion";"billardierei";50;"";0;0;0;0;0;0;0;0;0;0;0;0;0;0;0;0;0;0;0;0;3,17;12,75;5,09;6,51;0,71;373,14;4,27;0
"50_4";"Glochidion billardierei";"Glochidion";"billardierei";50;"";0;0;0;0;0;0;0;0;0;0;0;0;0;0;0;0;0;0;0;0;9,73;9,81;5,45;21,17;0,71;715,48;7,64;0
"50_5";"Glochidion billardierei";"Glochidion";"billardierei";50;"";0;0;0;0;0;0;0;0;0;0;0;0;0;0;0;0;0;0;0;0;12,01;11,82;3,6;15,47;1,49;1316,99;5,27;0
"50_6";"Glochidion billardierei";"Glochidion";"billardierei";50;"";0;0;0;0;0;0;0;0;0;0;0;0;0;0;0;0;0;0;0;0;13,57;8,54;1,67;23,48;1,77;991,66;5,47;0
"51_1";"Aleurites moluccana";"Aleurites";"moluccana";51;"";0;0;0;0;0;0;0;0;0;0;0;0;0;0;0;0;0;0;0;0;21,79;65,2;15,23;19,29;29,79;1413,21;4,37;0
"51_2";"Aleurites moluccana";"Aleurites";"moluccana";51;"";0;0;0;0;0;0;0;0;0;0;0;0;0;0;0;0;0;0;0;0;57,56;80,68;14,38;64,91;17,95;2378,2;12,46;0
"51_3";"Aleurites moluccana";"Aleurites";"moluccana";51;"";0;0;0;0;0;0;0;0;0;0;0;0;0;0;0;0;0;0;0;0;11,01;27,8;10,03;11,14;22,65;299,09;1,66;0
"51_4";"Aleurites moluccana";"Aleurites";"moluccana";51;"";0;0;0;0;0;0;0;0;0;0;0;0;0;0;0;0;0;0;0;0;32,96;67,98;14,59;28,63;34,39;2103,64;6,01;0
"51_5";"Aleurites moluccana";"Aleurites";"moluccana";51;"";0;0;0;0;0;0;0;0;0;0;0;0;0;0;0;0;0;0;0;0;4,1;11,19;3,65;4,54;58,57;197,16;0,92;0
"51_6";"Aleurites moluccana";"Aleurites";"moluccana";51;"";0;0;0;0;0;0;0;0;0;0;0;0;0;0;0;0;0;0;0;0;10,69;14,93;1,67;11,18;23,29;578,28;2,43;0
"52_1";"Trema cannabina";"Trema";"cannabina";52;"N";0;0;0;0;0;0;0;0;0;0;0;0;0;0;0;0;0;0;0;0;29,01;47,4;9,9;27,3;3,14;3087,87;3,62;0
"52_2";"Trema cannabina";"Trema";"cannabina";52;"N";0;0;0;0;0;0;0;0;0;0;0;0;0;0;0;0;0;0;0;0;23,09;20,63;3,69;22,75;6,84;3050,3;2,89;0
"52_3";"Trema cannabina";"Trema";"cannabina";52;"N";0;0;0;0;0;0;0;0;0;0;0;0;0;0;0;0;0;0;0;0;33,48;11,39;6,41;26,07;8,62;6351,38;4,29;0
"52_4";"Trema cannabina";"Trema";"cannabina";52;"N";0;0;0;0;0;0;0;0;0;0;0;0;0;0;0;0;0;0;0;0;17,16;13,27;5,39;14,28;7,49;3499,96;2,29;0
"52_5";"Trema cannabina";"Trema";"cannabina";52;"N";0;0;0;0;0;0;0;0;0;0;0;0;0;0;0;0;0;0;0;0;72,87;23,82;19,59;98,88;12,17;1442,5;4,05;0
"52_6";"Trema cannabina";"Trema";"cannabina";52;"N";0;0;0;0;0;0;0;0;0;0;0;0;0;0;0;0;0;0;0;0;11,98;11,51;2,44;12,07;4,49;3196,57;2,79;0
"53_1";"Elaeocarpus angustifolius";"Elaeocarpus";"angustifolius";53;"";0;0;0;0;0;0;0;0;0;0;0;0;0;0;0;0;0;0;0;0;9,95;7,8;2,16;17,61;2,8;959,96;6,55;0
"53_2";"Elaeocarpus angustifolius";"Elaeocarpus";"angustifolius";53;"";0;0;0;0;0;0;0;0;0;0;0;0;0;0;0;0;0;0;0;0;11,22;14,98;3,89;17,56;5,65;726,75;4,23;0
"53_3";"Elaeocarpus angustifolius";"Elaeocarpus";"angustifolius";53;"";0;0;0;0;0;0;0;0;0;0;0;0;0;0;0;0;0;0;0;0;7,73;28,06;9,22;12,7;6,01;485,26;2,76;0
"53_4";"Elaeocarpus angustifolius";"Elaeocarpus";"angustifolius";53;"";0;0;0;0;0;0;0;0;0;0;0;0;0;0;0;0;0;0;0;0;9,08;15,58;5,56;15,04;4,92;404,03;2,62;0
"53_5";"Elaeocarpus angustifolius";"Elaeocarpus";"angustifolius";53;"";0;0;0;0;0;0;0;0;0;0;0;0;0;0;0;0;0;0;0;0;10,15;30,07;9,21;15,05;1,37;645,54;2,87;0
"53_6";"Elaeocarpus angustifolius";"Elaeocarpus";"angustifolius";53;"";0;0;0;0;0;0;0;0;0;0;0;0;0;0;0;0;0;0;0;0;11,66;45,11;13,54;14,82;2,35;647,66;2,17;0
"54_1";"Erythrina variegata";"Erythrina";"variegata";54;"N";0;0;0;0;0;0;0;0;0;0;0;0;0;0;0;0;0;0;0;0;13,21;30,5;7,44;11,76;11,81;691,89;1,2;0
"54_2";"Erythrina variegata";"Erythrina";"variegata";54;"N";0;0;0;0;0;0;0;0;0;0;0;0;0;0;0;0;0;0;0;0;3,34;23,75;6,35;2,75;9,5;267,58;0,39;0
"54_3";"Erythrina variegata";"Erythrina";"variegata";54;"N";0;0;0;0;0;0;0;0;0;0;0;0;0;0;0;0;0;0;0;0;91,41;117,25;15,05;58,06;5,49;3130,49;5,36;0
"54_4";"Erythrina variegata";"Erythrina";"variegata";54;"N";0;0;0;0;0;0;0;0;0;0;0;0;0;0;0;0;0;0;0;0;27,72;28,86;7,77;25,79;7,21;4534,88;5,56;0
"54_5";"Erythrina variegata";"Erythrina";"variegata";54;"N";0;0;0;0;0;0;0;0;0;0;0;0;0;0;0;0;0;0;0;0;41,2;14,07;4,3;40,4;2,11;7138,44;8,35;0
"54_6";"Erythrina variegata";"Erythrina";"variegata";54;"N";0;0;0;0;0;0;0;0;0;0;0;0;0;0;0;0;0;0;0;0;4,32;8,57;3,19;4,39;15,53;2199,05;1,81;0
"55_1";"Wikstroemia indica";"Wikstroemia";"indica";55;"";0;0;0;0;0;0;0;0;0;0;0;0;0;0;0;0;0;0;0;0;148,8;39,85;5;42,09;0,21;15204,71;3,35;0
"55_2";"Wikstroemia indica";"Wikstroemia";"indica";55;"";0;0;0;0;0;0;0;0;0;0;0;0;0;0;0;0;0;0;0;0;189,23;50,47;5,27;42,64;0,92;8245,04;2,04;0
"55_3";"Wikstroemia indica";"Wikstroemia";"indica";55;"";0;0;0;0;0;0;0;0;0;0;0;0;0;0;0;0;0;0;0;0;15,2;24,65;8,48;15,91;2,14;1396,61;2,13;0
"55_4";"Wikstroemia indica";"Wikstroemia";"indica";55;"";0;0;0;0;0;0;0;0;0;0;0;0;0;0;0;0;0;0;0;0;23,78;13,05;5,28;27,25;0,18;2169,83;3,66;0
"55_5";"Wikstroemia indica";"Wikstroemia";"indica";55;"";0;0;0;0;0;0;0;0;0;0;0;0;0;0;0;0;0;0;0;0;76,42;46,75;5,87;36,02;0,38;3964;2,06;0
"55_6";"Wikstroemia indica";"Wikstroemia";"indica";55;"";0;0;0;0;0;0;0;0;0;0;0;0;0;0;0;0;0;0;0;0;20,71;27,11;7,2;19,18;1,06;1497,27;1,84;0
"56_1";"Ficus fraseri";"Ficus";"fraseri";56;"";0;0;0;0;0;0;0;0;0;0;0;0;0;0;0;0;0;0;0;0;15,68;27,19;9,66;14,71;5,5;2360,29;3,27;0
"56_2";"Ficus fraseri";"Ficus";"fraseri";56;"";0;0;0;0;0;0;0;0;0;0;0;0;0;0;0;0;0;0;0;0;16,81;9,84;5,06;15,78;4,82;1445,09;2,76;0
"56_3";"Ficus fraseri";"Ficus";"fraseri";56;"";0;0;0;0;0;0;0;0;0;0;0;0;0;0;0;0;0;0;0;0;14,64;35,92;8,06;11,38;2,61;1564,96;1,74;0
"56_4";"Ficus fraseri";"Ficus";"fraseri";56;"";0;0;0;0;0;0;0;0;0;0;0;0;0;0;0;0;0;0;0;0;34,09;16,17;7,64;25,49;4,19;1265,21;2,52;0
"56_5";"Ficus fraseri";"Ficus";"fraseri";56;"";0;0;0;0;0;0;0;0;0;0;0;0;0;0;0;0;0;0;0;0;11,32;23,86;6,41;9,91;7,09;643,49;1,28;0
"56_6";"Ficus fraseri";"Ficus";"fraseri";56;"";0;0;0;0;0;0;0;0;0;0;0;0;0;0;0;0;0;0;0;0;15,77;30,48;9,75;13,39;7,41;1091,46;1,82;0
"57_1";"Tristaniopsis calobuxus";"Tristaniopsis";"calobuxus";57;"";0;0;0;0;0;0;0;0;0;0;0;0;0;0;0;0;0;0;0;0;3,9;6,33;2,57;14,44;0,37;191,4;9,75;0
"57_2";"Tristaniopsis calobuxus";"Tristaniopsis";"calobuxus";57;"";0;0;0;0;0;0;0;0;0;0;0;0;0;0;0;0;0;0;0;0;6,76;13,41;5,26;26,21;0,18;207,6;16,11;0
"57_3";"Tristaniopsis calobuxus";"Tristaniopsis";"calobuxus";57;"";0;0;0;0;0;0;0;0;0;0;0;0;0;0;0;0;0;0;0;0;5,08;3,81;1,91;19,72;0,19;297,67;15,61;0
"57_4";"Tristaniopsis calobuxus";"Tristaniopsis";"calobuxus";57;"";0;0;0;0;0;0;0;0;0;0;0;0;0;0;0;0;0;0;0;0;1,74;4,86;3,15;5,91;0,22;210,63;5,91;0
"57_5";"Tristaniopsis calobuxus";"Tristaniopsis";"calobuxus";57;"";0;0;0;0;0;0;0;0;0;0;0;0;0;0;0;0;0;0;0;0;3,95;9,35;5,85;13,4;0,17;205,09;8,71;0
"57_6";"Tristaniopsis calobuxus";"Tristaniopsis";"calobuxus";57;"";0;0;0;0;0;0;0;0;0;0;0;0;0;0;0;0;0;0;0;0;5,15;12,3;4,97;17;0,37;233,38;13,33;0
"58_1";"Cerberiopsis candelabra";"Cerberiopsis";"candelabra";58;"";0;0;0;0;0;0;0;0;0;0;0;0;0;0;0;0;0;0;0;0;3,59;16,74;5,19;2,93;24;171,53;1,77;0
"58_2";"Cerberiopsis candelabra";"Cerberiopsis";"candelabra";58;"";0;0;0;0;0;0;0;0;0;0;0;0;0;0;0;0;0;0;0;0;9,75;38,74;10,66;10,87;8,28;196,98;4,57;0
"58_3";"Cerberiopsis candelabra";"Cerberiopsis";"candelabra";58;"";0;0;0;0;0;0;0;0;0;0;0;0;0;0;0;0;0;0;0;0;4,05;29,95;10,05;4,12;15,64;257,26;3,22;0
"58_4";"Cerberiopsis candelabra";"Cerberiopsis";"candelabra";58;"";0;0;0;0;0;0;0;0;0;0;0;0;0;0;0;0;0;0;0;0;5,09;19,75;5,97;4,47;19,78;214,86;2,14;0
"58_5";"Cerberiopsis candelabra";"Cerberiopsis";"candelabra";58;"";0;0;0;0;0;0;0;0;0;0;0;0;0;0;0;0;0;0;0;0;8,1;16,58;4,17;7,42;25,39;333,3;3,51;0
"58_6";"Cerberiopsis candelabra";"Cerberiopsis";"candelabra";58;"";0;0;0;0;0;0;0;0;0;0;0;0;0;0;0;0;0;0;0;0;6,14;20,3;6,43;5,11;25,05;169,5;2,27;0
"59_1";"Styphelia cymbulae";"Styphelia";"cymbulae";59;"";0;0;0;0;0;0;0;0;0;0;0;0;0;0;0;0;0;0;0;0;7,8;5,41;1,64;27,07;0,26;299,6;7,2;0
"59_2";"Styphelia cymbulae";"Styphelia";"cymbulae";59;"";0;0;0;0;0;0;0;0;0;0;0;0;0;0;0;0;0;0;0;0;7,9;4,57;1,99;32,5;0,19;363,35;10,34;0
"59_3";"Styphelia cymbulae";"Styphelia";"cymbulae";59;"";0;0;0;0;0;0;0;0;0;0;0;0;0;0;0;0;0;0;0;0;10,48;10,07;2,78;30,28;0,07;792,11;7,4;0
"59_4";"Styphelia cymbulae";"Styphelia";"cymbulae";59;"";0;0;0;0;0;0;0;0;0;0;0;0;0;0;0;0;0;0;0;0;12,41;4,92;1,72;43,71;0,2;650,86;13,89;0
"59_5";"Styphelia cymbulae";"Styphelia";"cymbulae";59;"";0;0;0;0;0;0;0;0;0;0;0;0;0;0;0;0;0;0;0;0;16,98;5,05;3,1;47,7;0,2;1393,19;16,14;0
"59_6";"Styphelia cymbulae";"Styphelia";"cymbulae";59;"";0;0;0;0;0;0;0;0;0;0;0;0;0;0;0;0;0;0;0;0;14,51;5,37;2,57;35,78;0,48;1691,33;14,91;0
"60_1";"Dracophyllum verticillatum";"Dracophyllum";"verticillatum";60;"";0;0;0;0;0;0;0;0;0;0;0;0;0;0;0;0;0;0;0;0;8,59;5,58;2,44;30,54;8,82;611,06;23,61;0
"60_2";"Dracophyllum verticillatum";"Dracophyllum";"verticillatum";60;"";0;0;0;0;0;0;0;0;0;0;0;0;0;0;0;0;0;0;0;0;19,03;12,95;1,03;55,94;16,13;472,51;20,5;0
"60_3";"Dracophyllum verticillatum";"Dracophyllum";"verticillatum";60;"";0;0;0;0;0;0;0;0;0;0;0;0;0;0;0;0;0;0;0;0;20,65;33,98;9,53;62,07;24,45;379,65;31,44;0
"60_4";"Dracophyllum verticillatum";"Dracophyllum";"verticillatum";60;"";0;0;0;0;0;0;0;0;0;0;0;0;0;0;0;0;0;0;0;0;2,44;9,4;4,34;6,54;6,4;160,14;10,2;0
"60_5";"Dracophyllum verticillatum";"Dracophyllum";"verticillatum";60;"";0;0;0;0;0;0;0;0;0;0;0;0;0;0;0;0;0;0;0;0;1,72;15,29;8,19;5,74;7,92;299,52;15,97;0
"60_6";"Dracophyllum verticillatum";"Dracophyllum";"verticillatum";60;"";0;0;0;0;0;0;0;0;0;0;0;0;0;0;0;0;0;0;0;0;1,28;8,72;4,54;4,33;10,38;629,67;50,09;0
"61_1";"Commersonia bartramia";"Commersonia";"bartramia";61;"";0;0;0;0;0;0;0;0;0;0;0;0;0;0;0;0;0;0;0;0;22,87;28,41;9,04;26,36;22,74;1528,17;3,19;0
"61_2";"Commersonia bartramia";"Commersonia";"bartramia";61;"";0;0;0;0;0;0;0;0;0;0;0;0;0;0;0;0;0;0;0;0;2,43;12;4,63;3,52;15,01;1531,19;2,11;0
"61_3";"Commersonia bartramia";"Commersonia";"bartramia";61;"";0;0;0;0;0;0;0;0;0;0;0;0;0;0;0;0;0;0;0;0;18,64;19,85;3,77;23,14;20,13;2267,61;2,62;0
"61_4";"Commersonia bartramia";"Commersonia";"bartramia";61;"";0;0;0;0;0;0;0;0;0;0;0;0;0;0;0;0;0;0;0;0;14,56;12,09;4,36;20,14;23,21;1077,13;2,6;0
"61_5";"Commersonia bartramia";"Commersonia";"bartramia";61;"";0;0;0;0;0;0;0;0;0;0;0;0;0;0;0;0;0;0;0;0;10,17;13,24;4,88;13,71;9,25;2349,17;2,94;0
"61_6";"Commersonia bartramia";"Commersonia";"bartramia";61;"";0;0;0;0;0;0;0;0;0;0;0;0;0;0;0;0;0;0;0;0;8,72;10,31;3,23;14,79;5,33;1587,73;4,02;0
"62_1";"Scaevola cylindrica";"Scaevola";"cylindrica";62;"";0;0;0;0;0;0;0;0;0;0;0;0;0;0;0;0;0;0;0;0;46,31;67,39;10,24;30,55;2,08;1199,66;6,87;0
"62_2";"Scaevola cylindrica";"Scaevola";"cylindrica";62;"";0;0;0;0;0;0;0;0;0;0;0;0;0;0;0;0;0;0;0;0;59,88;116,68;15;20,11;10,07;2248,4;3,55;0
"62_3";"Scaevola cylindrica";"Scaevola";"cylindrica";62;"";0;0;0;0;0;0;0;0;0;0;0;0;0;0;0;0;0;0;0;0;38,32;103,79;16,91;16,17;5,88;2055,06;2,96;0
"62_4";"Scaevola cylindrica";"Scaevola";"cylindrica";62;"";0;0;0;0;0;0;0;0;0;0;0;0;0;0;0;0;0;0;0;0;16,67;48,32;8,92;8,32;2,59;256,77;1,17;0
"62_5";"Scaevola cylindrica";"Scaevola";"cylindrica";62;"";0;0;0;0;0;0;0;0;0;0;0;0;0;0;0;0;0;0;0;0;26,96;20,28;4,16;11,82;6,53;1270,73;2,34;0
"62_6";"Scaevola cylindrica";"Scaevola";"cylindrica";62;"";0;0;0;0;0;0;0;0;0;0;0;0;0;0;0;0;0;0;0;0;19,91;224,77;44,5;7,19;7,05;633,87;0,73;0
"63_1";"Deplanchea speciosa";"Deplanchea";"speciosa";63;"";0;0;0;0;0;0;0;0;0;0;0;0;0;0;0;0;0;0;0;0;20,25;83,14;19,23;15,34;27,28;765,33;4,97;0
"63_2";"Deplanchea speciosa";"Deplanchea";"speciosa";63;"";0;0;0;0;0;0;0;0;0;0;0;0;0;0;0;0;0;0;0;0;24,31;20,45;7,02;15,21;61,63;920,01;3,93;0
"63_3";"Deplanchea speciosa";"Deplanchea";"speciosa";63;"";0;0;0;0;0;0;0;0;0;0;0;0;0;0;0;0;0;0;0;0;5,36;16,69;5,28;5,62;40,49;416,73;3,12;0
"63_4";"Deplanchea speciosa";"Deplanchea";"speciosa";63;"";0;0;0;0;0;0;0;0;0;0;0;0;0;0;0;0;0;0;0;0;13,72;10,39;1,39;6,86;66,49;1031,66;2,6;0
"63_5";"Deplanchea speciosa";"Deplanchea";"speciosa";63;"";0;0;0;0;0;0;0;0;0;0;0;0;0;0;0;0;0;0;0;0;11,19;23,51;5,21;9,74;34,34;315,33;1,73;0
"63_6";"Deplanchea speciosa";"Deplanchea";"speciosa";63;"";0;0;0;0;0;0;0;0;0;0;0;0;0;0;0;0;0;0;0;0;12,08;18,59;4,53;9,37;30,29;690,37;3,08;0
"64_1";"Plerandra gabriellae";"Plerandra";"gabriellae";64;"";0;0;0;0;0;0;0;0;0;0;0;0;0;0;0;0;0;0;0;0;1,27;1,74;0,7;2,07;26,23;75,75;1,74;0
"64_2";"Plerandra gabriellae";"Plerandra";"gabriellae";64;"";0;0;0;0;0;0;0;0;0;0;0;0;0;0;0;0;0;0;0;0;2,24;5,7;1,89;2,63;29,7;143,36;1,59;0
"64_3";"Plerandra gabriellae";"Plerandra";"gabriellae";64;"";0;0;0;0;0;0;0;0;0;0;0;0;0;0;0;0;0;0;0;0;4,14;2,92;1,01;5,51;12,91;103,45;1,83;0
"64_4";"Plerandra gabriellae";"Plerandra";"gabriellae";64;"";0;0;0;0;0;0;0;0;0;0;0;0;0;0;0;0;0;0;0;0;1,32;4,21;1,43;1,88;25,42;163,59;2,82;0
"64_5";"Plerandra gabriellae";"Plerandra";"gabriellae";64;"";0;0;0;0;0;0;0;0;0;0;0;0;0;0;0;0;0;0;0;0;2,28;5,44;1,26;2,91;51,18;149,45;3,39;0
"64_6";"Plerandra gabriellae";"Plerandra";"gabriellae";64;"";0;0;0;0;0;0;0;0;0;0;0;0;0;0;0;0;0;0;0;0;11,61;11,69;1,97;9,48;38,2;132,16;1,97;0
"65_1";"Macaranga alchorneoides";"Macaranga";"alchorneoides";65;"";0;0;0;0;0;0;0;0;0;0;0;0;0;0;0;0;0;0;0;0;27,08;68,71;17,99;30,93;115,9;1309,39;10,65;0
"65_2";"Macaranga alchorneoides";"Macaranga";"alchorneoides";65;"";0;0;0;0;0;0;0;0;0;0;0;0;0;0;0;0;0;0;0;0;45,65;76,99;17,12;59,08;31,26;1974,7;20,87;0
"65_3";"Macaranga alchorneoides";"Macaranga";"alchorneoides";65;"";0;0;0;0;0;0;0;0;0;0;0;0;0;0;0;0;0;0;0;0;27,84;34,31;7,99;39,93;110,96;1003,03;13,16;0
"65_4";"Macaranga alchorneoides";"Macaranga";"alchorneoides";65;"";0;0;0;0;0;0;0;0;0;0;0;0;0;0;0;0;0;0;0;0;39,48;83,25;20,23;50,52;40,28;1055,09;14,79;0
"65_5";"Macaranga alchorneoides";"Macaranga";"alchorneoides";65;"";0;0;0;0;0;0;0;0;0;0;0;0;0;0;0;0;0;0;0;0;44,8;87,99;18,91;45,07;92,88;1423,83;11,09;0
"65_6";"Macaranga alchorneoides";"Macaranga";"alchorneoides";65;"";0;0;0;0;0;0;0;0;0;0;0;0;0;0;0;0;0;0;0;0;53,61;44,9;18,92;55,13;35,9;1521,99;13,4;0
"66_1";"Garcinia neglecta";"Garcinia";"neglecta";66;"";0;0;0;0;0;0;0;0;0;0;0;0;0;0;0;0;0;0;0;0;30,44;36,01;4,69;30,26;3,04;383,94;9,96;0
"66_2";"Garcinia neglecta";"Garcinia";"neglecta";66;"";0;0;0;0;0;0;0;0;0;0;0;0;0;0;0;0;0;0;0;0;5,66;15,8;3,41;3,53;3,32;209,29;1,21;0
"66_3";"Garcinia neglecta";"Garcinia";"neglecta";66;"";0;0;0;0;0;0;0;0;0;0;0;0;0;0;0;0;0;0;0;0;61,98;74,75;8,48;33,32;5,05;1744,61;7,28;0
"66_4";"Garcinia neglecta";"Garcinia";"neglecta";66;"";0;0;0;0;0;0;0;0;0;0;0;0;0;0;0;0;0;0;0;0;19,67;25,92;4,49;20,27;4,29;658,61;7,32;0
"66_5";"Garcinia neglecta";"Garcinia";"neglecta";66;"";0;0;0;0;0;0;0;0;0;0;0;0;0;0;0;0;0;0;0;0;12,97;44,03;10,79;11,56;9,69;968,9;6,04;0
"66_6";"Garcinia neglecta";"Garcinia";"neglecta";66;"";0;0;0;0;0;0;0;0;0;0;0;0;0;0;0;0;0;0;0;0;35,79;61,22;11,28;36,67;1,95;1249,29;10,05;0
"67_1";"Montrouziera sphaeroidea";"Montrouziera";"sphaeroidea";67;"";0;0;0;0;0;0;0;0;0;0;0;0;0;0;0;0;0;0;0;0;16,32;14,98;0,75;19,56;2,17;529,25;6,47;0
"67_2";"Montrouziera sphaeroidea";"Montrouziera";"sphaeroidea";67;"";0;0;0;0;0;0;0;0;0;0;0;0;0;0;0;0;0;0;0;0;6,59;9,39;2,03;9,53;2,54;149,37;3,58;0
"67_3";"Montrouziera sphaeroidea";"Montrouziera";"sphaeroidea";67;"";0;0;0;0;0;0;0;0;0;0;0;0;0;0;0;0;0;0;0;0;25,02;16,02;2,64;28,25;7,14;806,71;9,99;0
"67_4";"Montrouziera sphaeroidea";"Montrouziera";"sphaeroidea";67;"";0;0;0;0;0;0;0;0;0;0;0;0;0;0;0;0;0;0;0;0;7,81;8,94;1,32;11,16;2,2;275,2;5,12;0
"67_5";"Montrouziera sphaeroidea";"Montrouziera";"sphaeroidea";67;"";0;0;0;0;0;0;0;0;0;0;0;0;0;0;0;0;0;0;0;0;39,12;33,39;3,31;33,11;6,45;1220,55;9,57;0
"67_6";"Montrouziera sphaeroidea";"Montrouziera";"sphaeroidea";67;"";0;0;0;0;0;0;0;0;0;0;0;0;0;0;0;0;0;0;0;0;35,89;34,21;3,26;41,95;4,89;777,46;18,11;0
"68_1";"Rauvolfia semperflorens";"Rauvolfia";"semperflorens";68;"";0;0;0;0;0;0;0;0;0;0;0;0;0;0;0;0;0;0;0;0;28,03;15,88;7,71;34,27;1,59;907,87;6,54;0
"68_2";"Rauvolfia semperflorens";"Rauvolfia";"semperflorens";68;"";0;0;0;0;0;0;0;0;0;0;0;0;0;0;0;0;0;0;0;0;13,43;13,91;6,87;15,1;1,13;452,63;3,09;0
"68_3";"Rauvolfia semperflorens";"Rauvolfia";"semperflorens";68;"";0;0;0;0;0;0;0;0;0;0;0;0;0;0;0;0;0;0;0;0;11;22,6;8,76;11,15;1,2;529,12;1,88;0
"68_4";"Rauvolfia semperflorens";"Rauvolfia";"semperflorens";68;"";0;0;0;0;0;0;0;0;0;0;0;0;0;0;0;0;0;0;0;0;11,25;39,09;13,26;12,38;2,13;494,08;2,49;0
"68_5";"Rauvolfia semperflorens";"Rauvolfia";"semperflorens";68;"";0;0;0;0;0;0;0;0;0;0;0;0;0;0;0;0;0;0;0;0;21,46;39,25;10,72;26,27;1,68;1032,93;8,75;0
"68_6";"Rauvolfia semperflorens";"Rauvolfia";"semperflorens";68;"";0;0;0;0;0;0;0;0;0;0;0;0;0;0;0;0;0;0;0;0;12,5;39,22;12,47;12,54;2,84;248,84;1,86;0
"69_1";"Morinda citrifolia";"Morinda";"citrifolia";69;"";0;0;0;0;0;0;0;0;0;0;0;0;0;0;0;0;0;0;0;0;42,23;71,44;9,49;23,83;36,76;1953,43;3,77;0
"69_2";"Morinda citrifolia";"Morinda";"citrifolia";69;"";0;0;0;0;0;0;0;0;0;0;0;0;0;0;0;0;0;0;0;0;27,51;42,54;7,5;14,21;18,01;1089,94;2,42;0
"69_3";"Morinda citrifolia";"Morinda";"citrifolia";69;"";0;0;0;0;0;0;0;0;0;0;0;0;0;0;0;0;0;0;0;0;36,76;73,27;12,7;20,29;10,66;1551,2;4,37;0
"69_4";"Morinda citrifolia";"Morinda";"citrifolia";69;"";0;0;0;0;0;0;0;0;0;0;0;0;0;0;0;0;0;0;0;0;34,29;41,22;7,9;20,94;56,02;1241,94;3,79;0
"69_5";"Morinda citrifolia";"Morinda";"citrifolia";69;"";0;0;0;0;0;0;0;0;0;0;0;0;0;0;0;0;0;0;0;0;20,29;46;8,99;11,13;18,78;1373,92;2,03;0
"69_6";"Morinda citrifolia";"Morinda";"citrifolia";69;"";0;0;0;0;0;0;0;0;0;0;0;0;0;0;0;0;0;0;0;0;17,91;46,34;7,15;8,32;47,13;1739,48;1,59;0
"70_1";"Acalypha sp";"Acalypha";"sp";70;"";0;0;0;0;0;0;0;0;0;0;0;0;0;0;0;0;0;0;0;0;26,27;45,46;8,03;20,32;64,76;2621,27;2,98;0
"70_2";"Acalypha sp";"Acalypha";"sp";70;"";0;0;0;0;0;0;0;0;0;0;0;0;0;0;0;0;0;0;0;0;84,84;21,53;14,1;51,07;53,37;1899,21;4,27;0
"70_3";"Acalypha sp";"Acalypha";"sp";70;"";0;0;0;0;0;0;0;0;0;0;0;0;0;0;0;0;0;0;0;0;22,22;40,05;10,88;21,1;94,86;2933,54;4,78;0
"70_4";"Acalypha sp";"Acalypha";"sp";70;"";0;0;0;0;0;0;0;0;0;0;0;0;0;0;0;0;0;0;0;0;38,13;48,41;5,88;25,01;66,65;5467,66;5,29;0
"70_5";"Acalypha sp";"Acalypha";"sp";70;"";0;0;0;0;0;0;0;0;0;0;0;0;0;0;0;0;0;0;0;0;43,78;42,85;6,23;18,2;96,17;5228,04;1,57;0
"70_6";"Acalypha sp";"Acalypha";"sp";70;"";0;0;0;0;0;0;0;0;0;0;0;0;0;0;0;0;0;0;0;0;30,61;35,64;6,41;15,03;40,78;3699,45;1,3;0
